Names,Redshift,Re,Re_err,Rgas,Rgas_err,Mstar,Mstar_err,Mbar,Mbar_err,Mstar_Re,Mstar_Re_err,Mstar_Ropt,Mstar_Ropt_err,Mstar_Rout,Mstar_Rout_err,Mbar_Re,Mbar_Re_err,Mbar_Ropt,Mbar_Ropt_err,Mbar_Rout,Mbar_Rout_err,VRe,VRe_err,VRopt,VRopt_err,VRout,VRout_err,PSF
COS4_04519_K,2.2285,2.442066731,0.067600463,3.652143988,1.520452206,40738027780,4073802778,1.30314E+11,98404196608,13186449908,11561748050,20749256684,18535350125,24386599617,21898972166,20732963558,13982059389,40247395341,23891874366,57771475810,31228596602,203.8797926,24.32075767,183.2267149,30.07297947,183.2267149,30.07297947,3.293494564
COS4_05656_YJ,0.79798,2.384789229,0.023153293,2.99988076,1.243092032,47863009232,4786300923,1.01043E+11,71547341345,15492727755,13818189974,24378250945,21883650158,28651756264,25766581893,20760104360,15669068293,37471037038,25032036709,50290301602,30069156078,220.4178469,30.72562276,200.4263474,24.8618263,204.7358697,24.76599428,3.26530898
COS4_06487_YJ,0.9068795,4.00614663,0.0321134,4.727710495,1.972592296,75857757503,7585775750,1.25696E+11,90764922417,24554318751,21935073922,38636923966,34698997196,45409973454,40842828320,28843448068,24579940981,49468927522,38765831842,63657434408,45787100145,271.7369067,45.64863603,253.4706505,16.51623582,253.4706505,16.51623582,3.396714584
COS4_07901_YJ,0.87844,5.513158982,0.111376949,7.53250546,3.159368175,6606934480,660693448,27536391796,21947523021,2138591761,1888609698,3365135400,3012231415,3955043350,3553764757,3372046432,2184651085,6679645027,3566871043,9891063896,4469149692,72.39718528,16.98086715,68.14843109,16.46792565,68.14843109,16.46792565,4.944659212
COS4_10344_H,1.5148,2.370942994,0.086847729,9.807513924,6.320122906,9120108394,912010839.4,1.73291E+11,1.64424E+11,2952078415,2565899145,4645179955,4139311855,5459479606,4898960725,4107495731,2986394667,8394299856,4879795920,13664878584,6361930288,109.4206568,15.31040312,118.9614159,10.05006345,118.9614159,10.05006345,3.529491694
COS4_11696_H,1.51704,1.363559044,0.034740358,7.950579518,4.393757275,17782794100,1778279410,80707371719,65389068157,5756094156,5057624739,9057379050,8095863339,10645136827,9560971444,6025347651,5757726373,9948817961,9069391508,12641181729,10697781032,177.9658488,25.33904696,189.5976457,21.10667412,190.7327991,24.26680022,3.840199151
COS4_12056_H,1.5999,5.718108623,0.182492828,4.047392778,1.681647462,5128613840,512861384,57136690586,52260336076,1660075688,1449574922,2612176652,2330745382,3070090997,2755959542,8939191350,2642256757,19375633272,5431007208,28875758457,7980996090,123.784751,10.09521876,123.6423362,9.897869544,123.6423362,9.897869544,3.290345696
COS4_12476_H,1.51431,1.936688609,0.043423511,3.569140324,1.490999487,11220184543,1122018454,1.05435E+11,94880628062,3631849883,3200522739,5714819833,5112411693,6716627264,6034069084,6681393233,3742615874,14563710747,6215239162,23860757183,7972696925,158.9296376,23.72212061,184.8391331,21.11030562,184.8391331,21.11030562,4.145555788
COS4_13038_H,1.49815,3.030053801,0.069456821,4.818541224,2.006977948,20417379447,2041737945,57267691163,42128551566,6608880351,5821198748,10399262557,9301788288,12222252400,10979752533,8358098381,6896078043,15241833875,11989056867,21157311963,17046845360,122.5541154,19.13486444,119.2356034,21.58256438,119.2356034,21.58256438,3.895225324
COS4_13701_K,2.16639,4.082716026,0.101855701,5.176410756,2.152557516,43651583224,4365158322,81974218675,58086875504,14129535644,12421325336,22233229106,19875868710,26130712279,23470417175,18318734759,14323491402,32534221112,23072728071,42942302404,28253282487,173.7463498,18.59172364,125.8599128,13.9770562,125.8599128,13.9770562,3.525225821
COS4_15820_K,2.09069,4.146208592,0.068250347,9.579875838,4.178634899,25703957828,2570395783,57781107470,41105194042,8320087417,7373730648,13091895897,11730842266,15386904135,13829943308,9399435929,8344934965,16225380593,13236402477,21447827269,15881474322,191.6309659,17.97422816,191.6309659,17.97422816,191.6309659,17.97422816,2.828806265
COS4_16172_YJ,1.03041,7.151529606,0.041434123,9.020381183,3.755631555,54954087386,5495408739,1.0851E+11,76734653547,17788031478,15923527995,27989977108,25152151839,32896617716,29593280028,22887568062,17898519702,40733178103,28411666101,54078685756,33851805602,244.0238289,31.85160031,234.8288339,60.17091743,234.8288339,60.17091743,3.957704547
COS4_16986_YJ,0.90567,0.754384023,0.032101448,2.758535712,1.146428999,1318256739,131825673.9,14138543635,12887884114,426705154.8,368725111.5,671432784.9,597326219.1,789134895,707767468.1,564121449.3,431002250.6,1106892667,698901659.2,1717041051,886718041.9,113.1541819,25.64809605,117.9785033,21.41179904,123.7883931,18.23168824,2.918824139
COS4_17162_H,1.65516,1.954552739,0.043434505,3.494961534,1.452021746,9549925860,954992586,1.35818E+11,1.26629E+11,3091205585,2724606500,4864100541,4351604544,5716776953,5135909064,7457197310,3523456320,17439251843,6794924380,29891615055,10482248526,152.3699767,21.42698999,213.1716649,17.61096819,442.9955241,16.99372513,3.937337907
COS4_17519_H,1.70782,3.402354627,0.052076857,2.953046415,1.224923572,23988329190,2398832919,1.02098E+11,81709915761,7764757365,6889095521,12218068152,10951279612,14359894460,12908059332,18737819014,9154524482,37224729741,15987411134,52723132364,20618500042,203.3902944,36.82312678,199.9321589,43.27005262,199.9321589,43.27005262,4.11433205
COS4_17628_YJ,0.90736,4.360037149,0.024088603,5.470611471,2.277348672,58884365536,5888436554,1.08258E+11,76845061663,19060219131,17066638278,29991800824,26952952215,35249360960,31710452792,23294480762,19096963955,40720463335,30155913358,53355622070,35689798310,222.0250215,26.95126767,205.8801896,47.082917,205.8801896,47.082917,3.778538272
COS4_17657_YJ,0.89962,3.884981247,0.024030812,4.285053597,1.784625927,20417379447,2041737945,54018829377,39318275915,6608880351,5913993226,10399262557,9343931989,12222252400,10994601394,9941404939,6739458024,18597641595,10870997500,25691653761,13247922939,125.0895823,18.56914481,132.1045973,21.33946885,132.1045973,21.33946885,3.328667953
COS4_17808_H,1.58837,3.310956348,0.043450871,4.135632987,1.722806159,52480746025,5248074602,1.09681E+11,77627623827,16987438182,15102797241,26730220621,23972911846,31416026024,28244732722,22371416481,17408680010,40192272745,28718601510,53817255703,36842234268,146.0811517,21.50500124,161.6861794,29.42400325,161.6861794,29.42400325,4.045189161
COS4_18064_H,1.65341,1.867721672,0.026061233,4.077848321,1.718216332,8912509381,891250938.1,66930731371,58698781131,2884880906,2562815449,4539442750,4070273008,5335206678,4796322649,4271475643,2925263600,8684270071,4755067076,13622951771,6000796539,349.1206935,54.80627445,303.8296087,37.78149929,303.8296087,37.78149929,3.584114452
COS4_18435_H,1.42947,2.790076358,0.034659334,4.353226475,1.81169484,23442288153,2344228815,71557475647,53522071535,7588009909,6750628068,11939950966,10710329504,14033023356,12617171460,9960433899,7919350374,18474672523,13711952724,26028237860,19317228050,209.3424575,23.78620842,192.652959,35.23016539,192.652959,35.23016539,3.981490952
COS4_18969_H,1.4048,5.020475675,0.060591948,5.676951941,2.361653666,34673685045,3467368505,76853835698,54602468293,11223489105,9988232215,17660481628,15843246014,20756362557,18662695363,15069031762,12289377496,27267316337,22555698487,36776733584,33144793005,108.0263375,19.19313495,89.93161431,13.45094973,89.93161431,13.45094973,4.293199182
COS4_19066_YJ,0.92675,4.716431028,0.048456483,4.65854462,1.951600135,20892961309,2089296131,52058323410,37520602702,6762820950,6028662890,10641492500,9551109745,12506945231,11247010110,10019579507,6842523637,18560863864,10964226657,25392888517,13286415338,304.6139379,37.42547661,304.6139379,37.42547661,304.6139379,37.42547661,3.33065637
COS4_19648_YJ,0.88931,4.534905851,0.023951968,4.43226969,1.848589791,42657951880,4265795188,86297879153,61025765960,13807908146,12366483923,21727139024,19526955877,25535904649,22972638984,19188695361,13914438286,34383698915,22120219065,45487324577,26421779620,253.8563233,56.41719436,301.8608002,105.3997088,301.8608002,105.3997088,5.797972939
COS4_19667_YJ,0.89123,3.011829573,0.023966814,7.286573028,3.045831081,14454397707,1445439771,42583819062,31625843211,4678728984,4179870544,7362114088,6611861187,8652692062,7782476984,5345069021,4685193729,9353234088,7398270546,12630905643,8772748638,242.0787112,24.51514365,206.5489689,28.46993529,206.5489689,28.46993529,3.1793576
COS4_19680_K,2.16603,2.461574801,0.042440945,3.727470221,1.545942718,70794578438,7079457844,1.13804E+11,82835120496,22915423578,20293910917,36058075461,32302593340,42379053025,38088420497,26908070144,23012350718,46303820737,36519372990,59769414255,43671571201,172.2579707,25.86332002,166.1133104,20.82814941,166.1133104,20.82814941,3.391540785
COS4_20449_H,1.65593,3.466041951,0.069494575,6.10884993,2.549944797,10964781961,1096478196,50248031887,40784803152,3549178887,3134766079,5584734652,4999266318,6563738162,5897854233,4983900412,3672100770,9689514479,6269597790,14399941814,8693945772,114.2030327,17.93338519,117.6225668,25.2317437,117.6225668,25.2317437,4.109301115
COS4_20595_H,1.65469,2.545276033,0.034747796,9.576840731,5.287484559,12022644346,1202264435,55781583701,45380488654,3891597263,3458127029,6123539777,5491094082,7196995780,6470218673,4303058086,3898859557,7437481084,6172978642,10021305824,7397817172,206.5878446,26.83671728,193.2914056,40.279467,193.2914056,40.279467,3.982357993
COS4_21570_K,2.17125,2.274001709,0.033940324,4.832690491,2.027267759,19952623150,1995262315,42478652600,30092011787,6458443867,5732163858,10162546441,9109815024,11944039969,10736786393,7299453153,6485476616,12572334777,10323240887,16542403699,12505145648,120.8682489,21.66897572,148.5360072,19.22458941,148.5360072,19.22458941,3.527757278
COS4_23070_YJ,0.83691,2.077309574,0.015677808,3.599489573,1.494526631,2691534804,269153480.4,20685032796,18193689280,871220105.6,778626728.3,1370889794,1231321500,1611206659,1449212702,1750912361,1001586437,3802361754,1891886126,6084171478,2777322393,152.081068,25.34274033,155.2552195,19.52034435,133.4721894,20.39463856,3.620789782
COS4_23890_YJ,0.8521,7.961836746,0.04729804,6.054326264,2.526557237,67608297539,6760829754,1.14596E+11,82332986884,21884059622,19587540801,34435194732,30942692701,40471681442,36407260532,29493062575,21997103915,51156953397,34879097854,65347089790,41476860458,346.31988,64.24517038,346.31988,64.24517038,346.31988,64.24517038,5.657397403
COS4_24738_H,1.58875,2.711335064,0.130352647,3.379370202,1.408950874,10471285481,1047128548,54972058603,45716152814,3389439523,2912818590,5333380188,4737383865,6268321281,5619405831,6231326896,3778877328,12891430075,7208484103,19663988428,11070020692,196.6782836,41.45988556,187.3579978,34.92294321,187.3579978,34.92294321,3.991050454
GS4_00984_YJ,0.73229,4.543161605,0.142207694,3.737803783,1.560333727,3019951720,301995172,18222511173,15499610392,977525036.3,854082469.1,1538163648,1372676859,1807803605,1622911154,2745323132,1106491205,5769675212,1986123394,8574846277,2716731437,187.4591312,26.06104592,187.4591312,26.06104592,187.4591312,26.06104592,3.267483741
GS4_01962_H,1.34238,1.552813611,0.051760454,3.350103763,1.396231619,2884031503,288403150.3,65294449933,62477019506,933529162.3,814029961.7,1468934880,1310161116,1726439039,1549608978,2144685050,978858743.7,5186502895,1738208449,9366364731,2589813397,122.2569899,23.41354098,122.1555987,17.85987594,109.5150664,15.51125217,3.199486179
GS4_05881_YJ,0.99027,6.824520221,0.106761448,9.230751973,2.680440001,6025595861,602559586.1,28023138815,22807886827,1950418867,1729909654,3069039961,2750585913,3607042405,3242269416,3452542250,2068452726,7015319525,3524024449,10513192024,4612848798,359.4832364,48.68365266,384.5339706,48.90166149,384.5339706,48.90166149,3.952226663
GS4_09989_YJ,0.83193,2.347220224,0.023472202,8.155075506,4.504152264,4466835922,446683592.2,23511177014,19561174576,1445865481,1289236483,2275110754,2042141338,2673937476,2404621067,1672621903,1449291889,2989060930,2295916719,4184353383,2748486595,151.9646643,21.12050618,137.1627719,15.37317226,137.1627719,15.37317226,4.328821777
GS4_10566_YJ,0.99645,1.620214671,0.01644888,2.811430823,1.172345021,7943282347,794328234.7,29816248732,23270633702,2571152814,2292295326,4045782609,3631349358,4755007957,4276035805,3404697771,2587216594,6418383460,4127253986,9260273938,4999044746,166.530693,23.71375174,162.7762338,17.61041484,162.7762338,17.61041484,3.628869641
GS4_10784_H,1.38137,2.844601594,0.060523438,3.314604082,1.387989136,12022644346,1202264435,70750246380,59945602155,3891597263,3433180228,6123539777,5479757337,7196995780,6466223967,7928573821,4701720861,16753441142,9609480560,25845169358,15434214094,173.8273802,29.81026078,188.2746389,45.59978689,188.2746389,45.59978689,3.902032521
GS4_15836_H,1.57824,3.119716719,0.034760075,2.533611711,1.055288634,37153522910,3715352291,89399952347,64109856134,12026185248,10711914352,18923547004,16980578956,22240843186,19998930394,20574399146,13768720673,37701437952,25189450607,50133448216,35254445441,442.9441594,94.18107157,436.6874351,70.52913316,436.6874351,70.52913316,3.292995692
GS4_16776_H,1.61291,1.972589061,0.026069459,3.450669608,1.432189378,11748975549,1174897555,85490028219,74671154239,3803013695,3380800342,5984150994,5366732603,7033172155,6323160862,6532707151,3915837703,13781876438,6491074771,21895562719,8330441370,198.4805578,50.67349974,218.3404124,34.25353188,244.3647695,51.9344091,3.388508275
GS4_16814_H,1.61539,5.031352287,0.026069183,4.32988812,1.800890181,1.54882E+11,15488166189,2.32428E+11,1.7321E+11,50133484300,44904179888,78886473727,70899991070,92715265868,83409279845,66917518949,51181552533,1.14124E+11,82894285787,1.4254E+11,1.01829E+11,198.4548958,30.08171882,193.0575324,38.07104417,193.0575324,38.07104417,3.540890207
GS4_17069_YJ,0.979,1.965587826,0.008189949,2.962848537,1.229390426,15848931925,1584893192,48338045609,36148736509,5130124316,4599347740,8072397575,7257110902,9487488184,8535905130,7200203195,5225057726,13585921761,8463330041,19255324845,10425213924,133.5651203,24.30561967,139.9826465,16.88239933,139.9826465,16.88239933,4.170485971
GS4_20651_H,1.30673,1.497312925,0.017210493,8.312456378,4.591944687,15488166189,1548816619,1.13945E+11,99667284174,5013348430,4463991505,7888647373,7078012860,9271526587,8336705520,5423619214,5015832297,9248901425,7906019047,12322482016,9344743946,247.8440219,32.20953895,262.9519276,26.52601218,234.1505331,43.76452423,3.260872182
GS4_27230_H,1.42316,2.31294391,0.034650845,8.586793274,5.533491107,10964781961,1096478196,68004834753,58084370238,3549178887,3149891846,5584734652,5006140090,6563738162,5900276333,4044601990,3560930895,7175240069,5665690641,10003185156,6894335574,143.3851608,21.65895312,123.8326878,10.26347602,123.8326878,10.26347602,4.030759555
GS4_29868_K,2.22394,5.840959343,0.71849717,3.90543663,1.644933477,19054607180,1905460718,72621532190,56855021852,6167766011,4892141714,9705156507,8432103977,11406469617,10159063382,18293364655,8029107175,34013696404,14079514097,44915816803,17255637502,183.8135211,43.47733931,183.8135211,43.47733931,183.8135211,43.47733931,2.705522224
GS4_33234_YJ,1.03943,2.399388839,0.024907151,6.138923568,2.625970381,14125375446,1412537545,43442070102,32542200556,4572228110,4075468567,7194531912,6457157663,8455732745,7603846873,5252632481,4581415412,9233141955,7245387955,12539159575,8621103063,122.4764982,19.17946761,124.0044001,15.41411781,124.0044001,15.41411781,3.335399557
GS4_33496_H,1.61228,4.579546426,0.104278097,9.737758331,4.163671374,16982436525,1698243652,67833586785,53611963526,5497027243,4842568641,8649729841,7737211894,10166026747,9132673637,6952385260,5559705430,12920271915,9018869949,18536206200,11415138146,88.58418299,14.53497748,89.06479588,14.96174227,89.06479588,14.96174227,3.950228111
GS4_35937_K,2.32913,5.299187951,0.201234985,6.524206015,2.780573058,48977881937,4897788194,72902038702,54508698351,15853599743,13761505336,24946093356,22221119542,29319141401,26306049949,18818872169,15954178779,32103912628,25459743479,40777614252,30806649385,100.1745363,16.81450373,100.1745363,16.81450373,100.1745363,16.81450373,3.266630749
GS4_42235_K,2.43251,3.142572917,0.091450535,8.057772073,5.194193767,13803842646,1380384265,52904153293,41465411664,4468151491,3912257042,7030764372,6278147339,8263256768,7419475964,5502659530,4499835281,10102263138,7204376155,14351220359,8798717999,310.3715159,58.57912316,331.9316623,60.20791175,331.9316623,60.20791175,2.587551309
GS4_43501_H,1.61351,5.083532015,0.05213879,5.853147307,2.433554018,39810717055,3981071706,86765730999,61560267437,12886289662,11487569563,20276945939,18199350302,23831492838,21430766210,17599150769,13436802588,31876242013,22808098013,42871481771,30470221390,246.672276,26.32127136,262.4088743,21.0402119,262.4088743,21.0402119,4.016598578
GS4_43891_YJ,1.01817,6.529383669,0.057855298,8.683987147,3.743850122,20417379447,2041737945,54562013280,39783481535,6608880351,5899239624,10399262557,9337241341,12222252400,10992244495,9175826283,6693779672,17046972759,10739879629,23685606133,13028218471,340.0023255,71.08264383,340.0023255,71.08264383,340.0023255,71.08264383,2.620927665
U4_06203_YJ,0.80251,4.794138269,0.054127368,7.794448696,3.255995632,38904514499,3890451450,75821231198,53632128619,12592961898,11215188965,19815386299,17780139927,23289021833,20941201141,14213911890,12601713514,24349255580,19866050816,31743994330,23460679874,191.3691228,17.2770973,199.2492516,16.93339294,199.2492516,16.93339294,3.56359123
U4_07799_YJ,0.80905,5.435157077,0.093041205,19.73384449,9.016977822,15848931925,1584893192,42461787212,30974710809,5130124316,4543771037,8072397575,7231890827,9487488184,8527020121,5381817717,5130638344,8876258016,8075996750,11215745461,9502560888,206.8718886,33.85203113,206.6076125,33.8511003,206.6076125,33.8511003,3.376077669
U4_10403_H,1.42696,2.114016136,0.034656002,8.586467344,4.745273244,18197008586,1819700859,87103391976,71268652249,5890170812,5220535351,9268352510,8304951998,10893093917,9790903505,6457532896,5898005490,11093102438,9322248141,14846826283,11114176025,135.8071312,24.05232213,144.4723475,21.99410784,141.1615741,22.40100899,3.607689832
U4_18696_YJ,0.91193,2.548909325,0.048244341,3.234206398,1.341900433,9120108394,912010839.4,34829024696,27278650160,2952078415,2610175508,4645179955,4159477322,5459479606,4906068559,4966256655,3090247865,9819915223,5166702194,14318337598,6594191984,122.4577318,22.23544508,144.111653,19.7015569,144.111653,19.7015569,3.705647797
U4_19575_YJ,0.89593,3.31239187,0.032003786,3.141206709,1.302803321,18197008586,1819700859,49061636196,35829545894,5890170812,5253760215,9268352510,8320036506,10893093917,9796218122,9504887741,6031218108,17850195649,9764564432,24551738589,11955700329,164.7506474,23.5470917,136.405165,34.21594169,136.405165,34.21594169,3.512815581
U4_19708_H,1.66472,6.853139566,0.10423026,5.382408407,2.242559074,1.8197E+11,18197008586,2.43626E+11,1.92132E+11,58901708124,52263929203,92683525100,83076129534,1.08931E+11,97918410950,74741085416,59901132704,1.24399E+11,96723030181,1.52016E+11,1.18201E+11,437.1085926,156.1377748,437.1085926,156.1377748,437.1085926,156.1377748,3.477208318
U4_20987_YJ,0.9114,2.70124941,0.048236597,5.539862599,2.321211145,5370317964,537031796.4,26853668814,22144405135,1738312645,1538550593,2735284744,2449993302,3214779928,2889158050,2475495807,1775007511,4859532070,2915268856,7296821233,3714425306,104.1242608,21.92933956,122.2289494,20.54666701,122.2289494,20.54666701,4.48833492
U4_21424_H,1.65632,6.245795904,0.138988504,4.482955467,1.883937557,18197008586,1819700859,43393031706,31080069217,5890170812,5191477054,9268352510,8291741645,10893093917,9786248348,10180294564,8646347542,18572452327,18291175293,24578833990,27741353172,347.764447,43.01881688,347.764447,43.01881688,347.764447,43.01881688,3.390885161
U4_21533_YJ,0.92165,5.870644144,0.064512573,9.813826508,5.419419418,1.28825E+11,12882495517,1.89723E+11,1.42494E+11,41699215960,37147494397,65614910876,58880348070,77117199177,69344515146,44784067904,41711579183,74095070318,65678129518,92634875864,77309620255,267.7683168,22.01965366,280.0941057,20.9961699,280.0941057,20.9961699,4.000344012
U4_22575_H,1.65091,1.633216447,0.060811251,8.927993142,4.931822497,14125375446,1412537545,58190270613,46273547709,4572228110,3971751530,7194531912,6409959956,8455732745,7587212757,4784633071,4573869798,7894540445,7206966742,10014944561,8511052256,101.814826,20.51229212,102.3149626,17.45450749,101.0781203,16.95703686,4.231159949
U4_25158_H,1.65609,2.675536055,0.095554859,0.431066292,0.1784778,7413102413,741310241.3,79867609421,72832751377,2399539422,2087514456,3775744020,3365413749,4437631626,3982326131,49550332928,6483795435,59099935740,7205664044,60669079301,7574877957,194.1863393,49.15488469,219.3952947,27.38288886,219.3952947,27.38288886,3.495570483
U4_25264_H,1.52522,2.206284912,0.060803127,3.461790025,1.43732941,6918309709,691830970.9,46953619753,40628672874,2239380485,1963699116,3523729346,3147859998,4141438801,3719016385,3818751691,2498647869,8020041750,4862854082,12676813230,7832914919,96.78896978,21.01454784,92.29240588,13.87416577,92.29240588,13.87416577,4.248922549
U4_26875_H,1.36434,2.090445666,0.043191026,9.033416291,6.483092793,1.51356E+11,15135612484,2.19822E+11,1.66121E+11,48992306874,43246594790,77090798356,68997616369,90604808757,81409010048,49887816303,48997217081,79921556939,77126664720,96612790984,90761484893,740.8516356,225.8421581,703.7048453,112.93199,703.7048453,112.93199,3.908960631
U4_28358_H,1.41965,3.845701475,0.077953408,7.963176807,4.398142578,91201083936,9120108394,1.45298E+11,1.06038E+11,29520784151,26068373650,46451799548,41579596634,54594796061,49055337519,31895004944,29604850695,53158728445,46979123917,67190443805,56519096779,392.4052196,63.29672152,399.6611108,63.63904041,399.6611108,63.63904041,3.647266743
U4_28931_H,1.59989,2.963335973,0.069521079,4.936573141,2.055174784,8128305162,812830516.2,49704648543,42363447378,2631042657,2316266283,4140020992,3702565049,4865766321,4370926646,4181423596,2788921118,8573964546,4990806428,13325770782,7372568289,139.1534293,16.7942555,133.9519401,19.82737924,176.892036,37.58181781,3.310419958
U4_30029_H,1.35689,1.182921494,0.02590339,8.123393687,5.235513342,5754399373,575439937.3,59949523549,54499766940,1862635557,1642247543,2930910409,2622332921,3444698754,3094772961,1989811537,1863971924,3361032982,2941153119,4431770683,3491815944,142.5317497,21.12657,160.337228,18.06411091,158.6481051,16.8562561,3.289212509
U4_31577_H,1.51753,4.498911518,0.060796102,3.729993205,1.547454317,1.1749E+11,11748975549,2.10245E+11,1.49691E+11,38030136948,33798515586,59841509943,53663018135,70331721550,63230090837,57162833902,39789774372,1.00057E+11,65909234468,1.27479E+11,82964055793,448.1390052,30.43935412,389.4499017,43.94577667,389.4499017,43.94577667,4.331027426
U4_32491_YJ,0.80248,6.162710183,0.100520994,7.881801829,3.278014223,4677351413,467735141.3,23675214878,19565184192,1514007022,1341988846,2382333420,2134748900,2799956267,2516666459,2793993036,1595299864,5751206752,2700939966,8710543446,3524836237,195.4819715,27.77213533,205.5324814,26.98021596,205.5324814,26.98021596,3.068210038
U4_33182_YJ,0.91151,3.119403907,0.056277906,4.24853165,1.777561321,41686938347,4168693835,77560220093,54997210583,13493601783,11940865376,21232568960,19017052839,24954636494,22426671473,15416721378,13515009149,26484093190,21340796964,34510481088,25275751447,131.1239919,16.45726533,139.3504123,23.42660272,139.3504123,23.42660272,2.927094264
U4_34173_YJ,0.89611,3.848675081,0.048008421,5.710407984,2.385165262,19054607180,1905460718,50706246740,36944611808,6167766011,5486849661,9705156507,8705561527,11406469617,10255579313,8009211195,6204377706,14663013239,9871364840,20296160757,11852001223,143.5919565,19.18430931,162.9975935,37.81648044,162.9975935,37.81648044,3.513016204
U4_34545_YJ,1.01004,2.763797157,0.057750985,3.292580422,1.367627325,3388441561,338844156.1,20752787907,17691864239,1096801130,967954007.7,1725847999,1544565699,2028389006,1822485997,2440040007,1230049643,5180925412,2197564883,7956005660,2992789211,176.8524426,26.89820198,202.624913,44.32287506,202.624913,44.32287506,3.325631743
U4_36227_YJ,0.78827,3.174173681,0.030742602,9.699430491,5.355406811,6025595861,602559586.1,28399829370,23171407610,1950418867,1739645374,3069039961,2755005716,3607042405,3243826597,2327949276,1959490057,4230374782,3121204715,6000862450,3782218992,107.4377627,19.55213906,118.1239771,14.07657224,118.1239771,14.07657224,3.904079914
U4_39208_H,1.5268,2.571160456,0.086863529,2.334903594,0.970055774,5370317964,537031796.4,40779628248,35814236972,1738312645,1515128459,2735284744,2439330336,3214779928,2885399836,5094005545,3200610135,11136705197,7757648635,17210743865,13086402649,144.070122,14.74168071,134.5544778,13.88839046,134.5544778,13.88839046,3.495388404
C-HiZ_z1_245,0.833362054,3.4952984,1.0485896,17.72710018,7.505464377,7962153419,3669195124,30800692415,24186664726,2577261172,962567687.2,4055394285,1985093934,4766304559,2498488178,2709904981,2577418964,4489174937,4057521611,5724002137,4777121577,119.8885647,21.67128537,158.3235611,27.52554535,189.233667,21.23520157,4.265967355
C-HiZ_z1_258,0.837600693,4.6041574,1.3812473,19.07991965,8.0954642,10691297668,4926865285,34971472820,26529808730,3460655040,1292501817,5445439843,2665513848,6400024985,3354881455,3653959289,3460869612,6068220438,5448217601,7752040070,6413529430,136.1909504,25.11485607,147.8225613,29.14813957,166.1382457,23.31848545,4.272830151
C-HiZ_z1_267,0.839406416,4.431997,1.3295991,12.19233412,5.130343852,2254395961,1038892148,16608734479,14530290274,729723087.6,272540438.8,1148240183,562057467.6,1349526589,707419384.5,960428770.2,730763077.8,1860280959,1159802225,2823466262,1396458601,91.153271,9.641052227,89.70315756,7.937515434,89.70315756,7.937515434,4.27573128
C-HiZ_z1_275,0.850856041,2.456358,0.7369074,7.979484821,3.31772244,8260952882,3806890729,31750051539,24899419636,2673979260,998690452.8,4207582967,2059589503,4945171903,2592250121,2998414297,2674973611,5219244820,4219445702,7062489427,4997602505,131.4321481,21.13764721,133.4187265,22.52036254,131.0841929,19.77334279,6.810973441
C-HiZ_z1_277,0.838362987,4.153598,1.2460794,15.03135378,6.359772177,10691297668,4926865285,34126639057,25758863947,3460655040,1292501853,5445439843,2665513866,6400024985,3354881461,3683050828,3460880948,6155615963,5448290986,7926595360,6413524020,65.93706769,18.23837591,83.56992498,25.69504846,90.49048446,30.68620277,5.644968708
C-HiZ_z1_285,0.833803936,1.5820578,0.4746174,19.3449039,8.1678623,4886864122,2252011116,23807706252,19541742702,1581823973,590787081.5,2489045336,1218374447,2925374772,1533476130,1600558118,1581828095,2553507057,2489108518,3076307364,2925747845,105.7800099,26.73245375,104.6515403,22.7576249,129.9438899,26.42856669,4.266686284
C-HiZ_z1_289,0.842692497,3.7175689,1.1152707,9.80900052,4.070152815,11298745024,5206794942,36761441495,27856965928,3657279044,1365937901,5754833346,2816960332,6763655142,3545495725,4153916622,3658875755,7263749597,5772625335,9833449772,6836746828,96.35709474,23.89868512,97.61934722,22.77156247,112.4580339,28.15617997,5.654108267
C-HiZ_z1_297,0.840623489,3.7084405,1.1125323,6.657541363,2.770262357,22337271401,10293673457,54489846124,39150245911,7230328184,2700417077,11377128525,5569043866,13371538189,7009335977,8507733608,7236431932,14993343761,11434500106,20197083794,13569204578,164.3534327,27.35576544,160.2256141,31.6317467,160.2256141,31.6317467,5.64975326
C-HiZ_z1_314,0.834880299,1.7687768,0.53063303,6.21454018,2.590001579,10023757306,4619242998,36785705017,28577570852,3244579593,1211800982,5105438938,2499085235,6000421950,3145410279,3602609538,3245864274,6225532034,5121096368,8352490052,6071214605,231.2961429,34.94238815,208.061856,30.93398955,186.5670997,29.334539,5.783422514
C-HiZ_z1_317,0.853780219,3.9519444,1.1855834,12.15384351,5.089801014,19634975527,9048375819,51638839555,37547031529,6355624838,2373728823,10000757753,4895317737,11753889738,6161367617,6872454290,6356880878,11595206589,10015531519,15051306316,11818303834,142.7931513,24.44349129,159.3679907,26.4248121,159.3679907,26.4248121,5.823958151
C-HiZ_z1_319,0.840024327,7.07452,2.1223562,47.95007082,20.56022645,13584088881,6259948793,38791973353,28635029427,4397019623,1642219663,6918836339,3386733584,8131707762,4262626411,4468706308,4397038056,7159547721,6919102462,8679537895,8133174799,170.0559425,37.31419896,167.6418802,52.76560526,167.6418802,52.76560526,5.648487779
C-HiZ_z1_340,0.835543867,2.2292604,0.6687782,5.561938432,2.311188312,17101354747,7880808639,45481699863,33134578963,5535519759,2067432047,8710298918,4263644973,10237213578,5366328724,6120233779,5536862727,10478902147,8725159568,13818437435,10298102046,173.0594208,21.54794039,195.2268599,20.89075631,172.8938951,44.92448078,5.784879227
C-HiZ_z1_90,0.854808919,2.5611658,0.76834977,11.30884391,4.752891049,3673080745,1692663938,21615247766,18314280755,1188935692,444049331.3,1870824371,915758583.7,2198779724,1152596332,1326061229,1189300056,2313537043,1875552409,3162052797,2221726291,67.39871731,24.22652735,81.81633825,21.84877451,81.81633825,21.84877451,4.26274145
C-zcos_z1_1015,0.888594701,7.291261,2.1873784,30.84376682,12.91119439,28643778434,13199897896,61874617239,43872026288,9271674896,3462829026,14589246056,7141358378,17146739650,8988289736,9525333474,9271825180,15408229934,14591224940,18929009703,17156567042,173.2119622,35.53785826,245.818926,27.56325323,223.9783764,54.96379243,4.312143252
C-zcos_z1_1021,0.927272553,3.6876013,1.1062804,7.630954721,3.178042284,7603789464,3504050444,29969302785,23622739052,2461262715,919244065.2,3872867391,1895748005,4551780715,2386035175,3132096583,2465449462,5831988872,3914426383,8372368193,4701859458,121.0218443,19.93679074,87.59266849,21.27522805,87.59266849,21.27522805,4.363552347
C-zcos_z1_156,0.868009194,2.1255233,0.63765705,11.13990265,4.656607649,6808171857,3137406386,28833540333,23053591055,2203730079,823059521.3,3467632409,1697387618,4075508076,2136373917,2327107565,2203898971,3871773333,3469921192,4969412450,4087210198,106.8802788,26.75862525,115.7915951,25.33229445,112.1978623,24.3719949,5.85319833
C-zcos_z1_162,0.960409965,5.1750646,1.5525194,10.04240426,4.170816691,39176927127,18053883469,79387933479,56140508111,12681138858,4736211840,19954135272,9767443163,23452093489,12293544764,14180052121,12686884747,24232217084,20010139395,31591929541,23652181991,147.4485737,19.22522815,162.9437903,29.74573004,137.6765298,41.79899543,6.018528821
C-zcos_z1_166,0.923378805,2.7665849,0.8299755,10.87684775,4.650251471,6745752740,3108641815,28708781056,22975634765,2183525699,815513517.2,3435840239,1681825532,4038142741,2116787081,2395336334,2184031422,4111262660,3442226741,5487400459,4068239520,69.33785381,24.39208124,76.23306556,19.44092913,81.34499237,24.16852463,5.957142754
C-zcos_z1_189,0.937734239,4.3405485,1.3021647,15.45702516,6.664412474,14758078400,6800957788,44387002974,33100967500,4777027072,1784146622,7516788945,3679428194,8834481409,4631019075,5150648900,4777926012,8689708041,7527836427,11307194700,8885010575,70.16975295,17.7261708,124.4015007,42.37038391,124.4015007,42.37038391,4.414755328
C-zcos_z1_192,0.914106107,3.5357754,1.0607326,8.645509554,3.586858302,9750575921,4493352959,36054440146,28052932181,3156153794,1178775295,4966298410,2430976686,5836890100,3059687180,3828724429,3160769788,6964070530,5015391284,9801121118,6027121488,93.42240969,19.10851981,115.7857634,24.91583435,133.795573,33.29329887,4.384573306
C-zcos_z1_197,0.837415524,3.6033008,1.0809903,6.854073412,2.860361567,3990529605,1838953735,21411909212,17872570994,1291690384,482426636.2,2032511822,994903729.5,2388810972,1252210366,1848696908,1295636338,3649497582,2069774537,5523070685,2515986778,57.05467137,18.78892274,94.73390666,25.30279503,94.73390666,25.30279503,4.272531896
C-zcos_z1_198,0.959129558,5.584179,1.6752537,25.15306573,10.84511882,14224277281,6554966489,42305194597,31478055555,4604241542,1719613962,7244905964,3546342969,8514937364,4463514685,4816629979,4604498636,7931040706,7248286030,10008866205,8531645448,90.95177169,17.17077859,76.13587961,16.26302875,76.13587961,16.26302875,4.440462427
C-zcos_z1_2,0.896927556,6.1939964,1.858199,9.013051298,3.746147909,17580451641,8101590618,46167407867,33560189900,5690598135,2125351530,8954319185,4383091635,10524010577,5516667203,7202423078,5699517719,13080422127,9029817055,18029269935,10759986579,195.4414902,39.62077023,224.4377224,40.01265173,224.4377224,40.01265173,4.361398541
C-zcos_z1_200,0.955678747,3.176221,0.9528663,10.5911487,4.44307555,4416009703,2035027513,24336830050,20404416801,1429413595,533864167.1,2249223240,1100982823,2643511883,1385724123,1708155808,1430962712,3118051735,2267698227,4460770879,2724631002,90.66291793,23.58957972,64.37217376,10.52482797,70.49558502,18.56932404,4.436417614
C-zcos_z1_202,0.840891432,3.161079,0.9483237,14.25959885,5.941472657,18924743322,8721079872,54447589878,40249453875,6125730513,2287866878,9639012448,4718245371,11328730511,5938499937,6458723628,6126445736,10705463736,9648357742,13627128919,11374527869,151.5400747,29.22930396,143.7827343,23.29758023,162.552395,32.06223202,4.278107115
C-zcos_z1_354,0.838741878,2.0538583,0.6161575,8.798953582,3.660112712,3443735870,1586975055,21169552767,18057239584,1114699288,416323172.1,1754011262,858579190.1,2061489287,1080628936,1260401304,1115156069,2222688888,1759887203,3077017826,2089699684,78.5891094,23.97072439,79.43165451,21.43447968,90.13568228,18.94059513,5.791865168
C-zcos_z1_356,0.97047848,2.4829235,0.7448771,11.49419256,4.771130972,15453621506,7121484565,48664790723,36630536147,5002166697,1868232875,7871052596,3852838388,9250847447,4849277402,5297784178,5002850477,8820404562,7880039302,11303252872,9295170209,92.17966648,19.25072788,116.4749378,12.72942925,130.9241432,16.39189349,6.034167749
C-zcos_z1_460,0.896228624,5.50943,1.652829,29.67757731,12.61650074,16789212762,7736964407,45136599340,32946198429,5434482844,2029696421,8551314438,4185822975,10050359132,5268379984,5574736731,5434561534,9013058473,8552397474,11077635473,10056006574,165.7509258,34.79715119,194.8274833,29.67378461,236.5557096,33.83020777,6.751982371
C-zcos_z1_472,0.886578263,3.236356,0.97090685,9.493028876,4.003065249,7194991691,3315664374,28191867515,22195420694,2328939389,869823304.1,3664652846,1793828083,4307066178,2257756256,2634865677,2329625401,4615310301,3672643982,6289681235,4341576508,80.98768474,19.11895957,67.0262023,15.46442484,72.07895402,20.44751362,6.731056106
C-zcos_z1_493,0.88806746,4.303485,1.2910455,18.75219873,7.97864098,4102324861,1890472286,23798179284,20118542460,1327877274,495941900.6,2089452931,1022776106,2455733852,1287291221,1498600963,1328524495,2637415412,2097808999,3639951371,2495986999,59.40520413,17.9767875,47.16220817,14.16645113,56.05375554,17.04224682,4.79373146
C-zcos_z1_593,0.924073322,3.7753708,1.1326113,53.77386767,21.81662199,4797666775,2210906348,24332976943,20115813427,1552951776,580003778,2443614108,1196136113,2871979453,1505486405,1568462435,1552955325,2497184623,2443669171,2997962294,2872309336,179.1622611,27.26131501,169.4174138,16.48036915,183.3769968,18.68049786,6.555871829
C-zcos_z1_642,0.917786347,3.0503702,0.9151111,12.28764962,5.129806663,9484839655,4370893850,35781389117,27954797386,3070137898,1146649635,4830949934,2364724308,5677815047,2976300320,3342995656,3070921368,5698278301,4840889607,7531767812,5724872372,96.20673569,24.89831007,97.11465545,19.94900434,96.90802309,22.7080996,4.402241006
C-zcos_z1_644,0.913949658,4.3298044,1.2989414,13.98064438,6.058437313,11403293430,5254973931,37016090966,28036592138,3691120208,1378577036,5808083388,2843025933,6826239912,3578302544,4038074880,3691898343,6891276954,5817404035,9096470654,6867715405,163.1257397,24.06937636,158.0897819,22.8228276,158.0897819,22.8228276,4.397191783
C-zcos_z1_659,0.981667109,3.1556273,0.94668823,15.14215343,6.359054504,8974912159,4135904221,32872286467,25527113959,2905079997,1085003030,4571226597,2237591116,5372562231,2816287350,3061346826,2905282397,5079557009,4573922441,6488088867,5386081101,83.55443636,20.66463513,84.26293574,17.22225529,119.1204143,13.14665255,4.479011177
C-zcos_z1_660,0.92946134,5.4115973,1.6234792,50.10668823,20.66119514,15032457904,6927399956,42648087469,31441974921,4865840688,1817317247,7656539716,3747835501,8998730477,4717118155,4914811125,4865851704,7823025215,7656704221,9383100012,8999672907,98.1590527,24.27365134,118.6719391,13.74372742,156.8002384,34.34722928,4.417289398
C-zcos_z1_670,0.879092113,2.6539555,0.7961867,7.222839686,3.056960197,22337271401,10293673457,56587653635,40890614777,7230328184,2700417171,11377128525,5569043913,13371538189,7009335993,7951130533,7232688473,13555765614,11403613934,17776710065,13481079105,209.5711184,46.72140268,204.8964072,38.60612664,204.8964072,38.60612664,4.348880398
C-zcos_z1_673,0.916525121,5.733666,1.7200999,19.5870022,8.615894076,5164521033,2379963610,24247406274,19769390143,1671698450,624353846,2630465401,1287598826,3091585762,1620603632,1886178702,1672187537,3308271330,2636409644,4531677627,3118431296,55.9467394,18.88329327,113.1900339,26.7081098,113.1900339,26.7081098,4.40058691
C-zcos_z1_675,0.891498808,4.441016,1.332305,10.27311322,4.279883934,21529330140,9921350295,56105628753,40731222447,6968806516,2602742711,10965616689,5367611003,12887888363,6755807615,7973719518,6973900432,13915171250,11018830501,18665640927,13091128758,201.3454404,38.37943933,233.8097027,37.50039253,247.6719924,52.56408403,4.366588031
C-zcos_z1_685,0.867736865,3.475418,1.0426255,9.23138471,3.852583926,15171554725,6991499873,44483937445,33005936640,4910864794,1834132983,7727386436,3782514554,9081996621,4760766102,5523754072,4913097798,9579636963,7752216372,12827542729,9183631986,116.4770071,21.98566995,115.8171269,26.15998605,97.89028898,23.10763172,5.217233733
C-zcos_z1_690,0.925160286,3.250835,0.9752505,13.74893988,5.754476538,20942582871,9650959848,52818226887,38139853943,6778882901,2531809329,10666766441,5221325489,12536649692,6571688976,7051810229,6779181206,11542870709,10670637011,14430510796,12555509144,146.5626112,33.87391382,163.7557308,30.93042047,163.0016251,47.11906462,5.313143392
C-zcos_z1_692,0.926978416,4.1659923,1.2497977,10.34973009,4.301742093,24045293968,11080780630,60429433656,43611716119,7783196234,2906905023,12247082241,5994881669,14393994717,7545305859,8734927073,7787449324,15070864588,12292900514,19988951906,14574947355,109.5316025,20.31254042,159.9638713,22.36039791,183.5477691,15.57870392,4.41412857
C-zcos_z1_693,0.924618181,4.155385,1.2466156,11.4392461,4.85584181,6998903764,3225301274,29055072716,23139992280,2265467891,846117657,3564778626,1744940178,4189684016,2196224738,2670881986,2267212360,4802492096,3584363956,6720834361,4270479456,86.26605662,25.91599038,102.3590535,29.83894386,102.3590535,29.83894386,5.312304785
C-zcos_z1_698,0.926691073,3.0274315,0.90822953,11.76791943,4.931966579,16635284825,7666029873,45472110955,33291068509,5384658070,2011087542,8472913728,4147446202,9958214785,5220078070,5660041637,5384997190,9351459137,8477226454,11844384327,9978764650,140.6138029,34.19779208,130.6939912,26.35950507,122.4803614,41.01093039,5.31550483
C-zcos_z1_796,0.885444448,3.3286138,0.99858415,9.965737201,4.195655886,4064713663,1873139937,22001633105,18391709443,1315702945,491394971.9,2070296275,1013399023,2433219036,1275488994,1581095415,1316737729,2893826059,2082249206,4147885128,2484038081,74.30191693,10.1394284,73.64839058,6.050683837,73.64839058,6.050683837,4.307719145
C-zcos_z1_925,0.912870404,3.7296395,1.118892,10.71081206,4.466062127,15171554725,6991499873,44302268343,32844703510,4910864794,1834132949,7727386436,3782514537,9081996621,4760766096,5433955689,4912449517,9327849147,7745559684,12362184097,9158990712,142.9760298,24.02328897,143.4618468,18.54708516,156.4647035,26.48682051,6.952345092
E-zmus_z1_107,0.961693646,1.4222546,0.4266764,7.744304825,3.222178775,4335406613,1997883232,22637310561,18808387454,1403323264,524119814.8,2208169358,1080887160,2595261259,1360431231,1491238260,1403428878,2497946969,2209611607,3240830160,2602700070,78.59634348,15.16519947,82.77841085,14.02516027,88.75511178,14.99665827,7.473237234
E-zmus_z1_117,0.841633642,2.9573355,0.8872007,9.782663658,4.080399871,15596615395,7187380367,42802016937,31359022383,5048452241,1885519829,7943884225,3888489088,9336446454,4894148248,5373747568,5048869589,8967926142,7948994914,11502843210,9359835498,87.10792549,16.59341295,97.89895456,11.5800998,94.8455498,14.58760934,6.673878102
E-zmus_z1_119,0.841298299,4.19094,1.257282,13.51758768,5.642073967,27354567188,12605791331,61598396562,43828212332,8854371447,3306972632,13932607124,6819937148,16374991969,8583741019,9328268544,8855041509,15410053540,13940694694,19466614419,16411377025,184.6498221,24.25334601,172.2068354,23.72738027,182.4525978,29.60721644,4.368989723
E-zmus_z1_12,0.976393157,3.91059,1.173177,14.66064194,6.105387031,62665781971,28878240540,1.12748E+11,80220127243,20284221891,7575847371,31917804230,15623595556,37512992599,19664242518,20913721337,20284959524,33897121515,31927033131,41692018946,37556128564,191.9154724,26.4352818,215.7633356,21.82128094,225.7970362,35.54595128,3.653055014
E-zmus_z1_122,0.996927382,4.9662123,1.4898638,15.98178413,6.674842432,38817742712,17888360697,78014950851,55165553338,12564874828,4692788860,19771190489,9677892595,23237078502,12180834274,13132390326,12565625869,21535415031,19780236656,26916667791,23277676111,126.7272435,30.24996945,131.7946781,25.75258476,131.7946781,25.75258476,7.53860819
E-zmus_z1_125,0.997852821,2.5132022,0.75396067,10.63378706,4.459044697,12619162838,5815282414,39125057342,29356527625,4084683715,1525567032,6427366839,3146161907,7554083700,3959836940,4302251801,4084962232,7127206434,6430977132,9070530666,7571648747,140.3102329,43.52808307,146.9842367,26.25132788,143.7037791,25.98036726,7.540239185
E-zmus_z1_127,0.895530604,4.0246596,1.2073978,12.69516875,5.333736846,12275247849,5656796244,37029673157,27630839330,3973362229,1483990213,6252199293,3060418353,7348209297,3851917962,4284314249,3973785459,7228301949,6257319576,9406770293,7371342631,71.94291297,14.92203568,94.50697468,17.54152481,94.50697468,17.54152481,4.45140242
E-zmus_z1_146,0.862010423,3.146733,0.9440199,14.20971986,6.069937459,32887446455,15155505279,68883091292,48757261834,10645303391,3975858386,16750689843,8199373663,19687084349,10319933823,10906384013,10645466756,17595762322,16752858283,21531199519,19697938856,136.5466492,31.05412056,149.7147594,23.20906833,141.9710212,34.25255727,6.723222325
E-zmus_z1_166,0.975108116,2.4559138,0.73677415,9.395781364,3.901895819,29176318343,13445307992,65739671787,46777519891,9444052186,3527209367,14860486660,7274129239,17465528709,9155398391,9842487966,9444569288,16122619089,14867010328,20153259190,17496316909,159.1041187,28.42419754,162.8667282,27.98781001,162.6653029,26.9515782,4.552723369
E-zmus_z1_176,0.958846289,3.3691907,1.0107572,10.72397212,4.481048983,9931856852,4576892559,36279728923,28157630284,3214832431,1200690865,5058630925,2476172959,5945408497,3116572326,3629657444,3216513403,6341373208,5078475879,8604671538,6031957093,125.2926676,24.81858056,125.8189985,26.23789896,100.3929731,24.57647646,4.533768287
E-zmus_z1_189,0.840015761,3.1578732,0.947362,10.91846179,4.57973307,9226361812,4251779637,32594757577,25123846698,2986471474,1115401504,4699298418,2300281592,5523085031,2895191128,3252531189,2986962928,5539326535,4705324730,7305905088,5550623752,87.40372593,20.50471794,96.350653,20.1393452,99.18873798,20.15061401,4.157024094
E-zmus_z1_190,0.813877778,1.4539032,0.43617097,8.907415415,3.805741163,5559426853,2561947858,24660216059,19893400294,1799525105,672095161.2,2831604304,1386055255,3327984297,1744523317,1866898428,1799562871,3056258667,2832134777,3835173753,3330814054,67.42890738,25.94359383,90.73721121,21.58723303,120.8889256,19.97911572,4.322727282
E-zmus_z1_207,0.820057706,4.284553,1.2853659,12.13292611,5.051411933,28643778434,13199897896,61024336300,43231546013,9271674896,3462829103,14589246056,7141358416,17146739650,8988289750,9765204332,9272181464,16118323598,14595282631,20325328959,17173677464,82.86579471,18.03197294,129.3290388,25.3613571,158.1788917,35.28509442,4.125172
E-zmus_z1_208,0.861795773,1.635211,0.49056333,7.986261826,3.369650039,2296309280,1058207041,17469736477,15346202436,743289966.2,277607452.7,1169588055,572507133.5,1374616742,720571595.3,835935650,743527576.5,1471884290,1172741891,2040337566,1390315959,81.38129056,21.32272646,108.2901858,21.2505065,93.2728851,19.7215737,4.189974195
E-zmus_z1_21,0.839075627,3.1547704,0.9464311,12.21534358,5.118483085,31119339260,14340709336,65486767465,46363060699,10072986609,3762106839,15850132992,7758555889,18628659958,9765109688,10387506064,10073208790,16855925159,15852991864,20793954290,18642495160,124.1405047,30.5319098,130.2798049,25.49931589,163.1008523,44.03774568,4.314238827
E-zmus_z1_219,0.976920281,3.3533795,1.0060139,12.79422214,5.333071935,26365149855,12149838643,66115837718,47699458199,8534107978,3187359036,13428663381,6573259325,15782706930,8273266265,9047618999,8535360867,15042344789,13444327595,19186976366,15855718747,161.6033972,20.93100666,166.5003805,25.60965896,175.3408522,42.82857498,8.353860153
E-zmus_z1_24,0.823131685,3.9,1.1700001,31.07753247,13.60390934,13092728075,6033515242,39097625603,29114845420,4237971554,1582817645,6668569647,3264229372,7837569339,4108439586,4297664963,4237988735,6870179924,6668821595,8299495241,7838982491,159.0437352,31.98689294,139.3704447,20.54820954,138.3600547,28.7368964,5.605699663
E-zmus_z1_35,0.804665061,3.724687,1.1174061,18.52942426,7.754509117,24267787453,11183312190,55039681772,39189730643,7855214920,2933802914,12360405705,6050352908,14527183775,7615123323,8018999264,7855278871,12898142930,12361282960,15719866392,14531748041,157.1734215,23.87749698,195.8401065,19.68773086,223.564484,26.70948632,4.256017399
E-zmus_z1_49,0.981514335,5.3665767,1.609973,57.77503119,23.2839775,19276588702,8883220600,50375331715,36588504875,6239618979,2330402489,9818219211,4805966132,11539352204,6048907447,6283988343,6239627399,9969825005,9818346885,11891424928,11540096676,131.5551026,28.70698664,133.9041256,24.57170165,120.1565698,22.48201506,4.506558584
E-zmus_z1_53,0.83216404,2.7186131,0.81558394,8.733272051,3.743726646,4375522559,2016369843,22241625917,18394098153,1416308353,528969556.3,2228601767,1090888721,2619275468,1373019438,1635214684,1416847017,2916807955,2235016409,4073099655,2647580790,88.32219922,25.25964448,105.3853318,25.57295538,93.78853311,23.96640141,5.846652033
E-zmus_z1_55,0.885166989,3.5452166,1.063565,22.31015785,9.599804489,11403293430,5254973931,36060198501,27166119869,3691120208,1378577065,5808083388,2843025948,6826239912,3578302549,3778679612,3691160179,6099917190,5808648984,7484741227,6829284059,108.1117947,19.88396156,124.7504541,14.88189497,139.8215037,18.15460575,4.38458818
E-zmus_z1_58,0.847670671,1.9201423,0.5760427,27.34201037,12.14825174,9141772090,4212798198,30998224847,23691275273,2959090715,1105175222,4656214009,2279192009,5472447929,2868647253,2973093401,2959091575,4704744095,4656227453,5587045391,5472529195,57.69144881,20.3461564,129.4888496,29.95312995,172.7755984,32.42540181,4.332141185
E-zmus_z1_70,0.858493852,2.591769,0.7775307,23.23488037,10.63532576,29446237975,13569694920,62920129663,44582309895,9531422192,3559840754,14997965867,7341424591,17627108009,9240097970,9591632050,9531430260,15202594779,14998086589,18099366485,17627801367,86.21120521,21.38202638,135.3108045,9.31634446,171.5313594,15.83260276,4.344904041
E-zmus_z1_86,0.840728362,2.1174657,0.6352398,10.87082023,4.536430986,5984529201,2757847558,29042583768,23822016502,1937126042,723486969.6,3048123321,1492040143,3582459080,1877918528,2092333636,1937538534,3552938087,3053668034,4689852771,3610494099,98.82743852,24.35872388,95.94680132,24.07149199,105.8106652,23.05747495,5.643631634
E-zmus_z1_97,0.977331529,2.8215117,0.8464536,7.941554313,3.296499683,14894636360,6863887723,48288402027,36564925512,4821229376,1800655515,7586342537,3713474312,8916227740,4673870354,5582287028,4826215917,9878144566,7642393562,13528543908,9147008389,119.579221,23.17963139,132.5434587,24.41950951,118.7537952,24.34658921,4.506211184
E-zmvvd_z1_19,0.98266015,4.895118,1.4685354,8.773307605,3.742923124,15886584827,7321006833,43436884221,31802556095,5142312145,1920575123,8091575473,3960783195,9510027966,4985139369,6152425874,5146518889,10978919157,8131647714,15016605696,9650606104,82.47845222,19.58235278,96.5668094,15.9292881,96.5668094,15.9292881,5.893220908
E-zmvvd_z1_58,0.834728629,1.2108119,0.36324358,7.127270656,2.985323052,7889154294,3635554974,31238557825,24646164017,2553632161,953742634.9,4018213359,1966894080,4722605820,2475581382,2660610739,2553747684,4371546471,4019816124,5511531817,4731027686,107.0417226,29.55252659,112.2719314,25.63633014,120.4380307,25.05880347,5.852375221
E-zmvvd_z1_73,0.890048201,4.6029487,1.3808848,13.37872586,5.585099301,53092153360,24466430120,97945050822,69502224131,17185343987,6418463330,27041631075,13236734497,31782026705,16660080540,18013541285,17186667637,29571494060,27056980612,36956905576,31848051149,206.2491157,30.0190197,207.7960469,41.46817612,245.4637556,48.05779057,4.395756044
E-zmvvd_z1_77,0.837461575,3.148276,0.94448286,9.143698166,3.808812344,25646610096,11818714330,58214595495,41453857268,8301524589,3100492670,13062686756,6394115703,15352574634,8047791694,8818277509,8302274434,14658085751,13071496833,18655796616,15391125155,118.3194447,19.14028724,115.4157344,14.43231938,117.0852294,24.82646072,4.311620391
E-zmvvd_z1_83,0.832684902,1.4549465,0.43648398,9.602917372,4.03556847,1892474267,872107957.3,16228781301,14460676271,612573030.3,228786672.3,963901211.7,471824517.1,1132873012,593849972,662289980.3,612657869.9,1129735978,965097718.6,1507386983,1139270509,76.30529016,29.62623316,76.63057259,25.30936229,77.15552608,24.08006418,7.172892925
S-CFHIZELS-SM14-104965,0.807194469,2.9492457,1.3595351,15.24330988,6.359516288,12735906827,5869081487,37870137087,28176814111,4122472455,1125090761,6486828505,2961263153,7623968991,3919734135,4247981544,4122497121,6899956734,6487454837,8542946008,7627845032,139.5365628,21.59600621,148.4387625,36.00543555,158.7833097,26.96262026,7.382383393
S-CFHIZELS-SM14-107086,0.8063155,3.730886,1.7198534,23.97315326,10.20705621,22963093588,10582070778,52275156312,37235744766,7432899917,2028561142,11695880951,5339216479,13746167888,7067358709,7521362935,7432905772,11992481763,11696038210,14420039256,13747207052,97.87386707,15.44359512,109.6685764,15.35582884,96.62955693,11.29223697,4.054482231
S-CFHIZELS-SM14-117442,0.807887161,2.0932713,0.9649504,13.29583865,5.527821315,10399923544,4792591495,33661377741,25480456454,3366340452,918729856.1,5297033137,2418116808,6225602596,3200787809,3442266660,3366350239,5550867100,5297291376,6800390142,6227272361,103.3024522,13.80232421,103.4193018,10.05444796,109.1862342,10.92810665,7.384488649
S-CFHIZELS-SM14-118544,0.804719591,2.9401493,1.3553419,10.28943032,4.284035824,7745157732,3569197112,29673942106,23256376597,2507022063,684207673.4,3944871036,1800849394,4636406593,2383729680,2747340339,2507189759,4705432290,3948689889,6254886342,4657255443,122.2424464,25.50793127,106.3456057,19.18828693,109.4500683,19.92566545,4.05180378
S-CFHIZELS-SM14-138499,0.82198695,2.1297607,0.98177123,11.61530269,4.824759045,10790225304,4972454057,37834248041,29117144913,3492676823,953209086.4,5495827037,2508866991,6459245049,3320911097,3647857335,3492754559,6003944504,5497794926,7582495443,6471352761,105.3777096,24.72986493,121.3220712,21.98973457,134.4877824,20.77209738,3.865917845
S-CFHIZELS-SM14-139428,0.807658416,3.7371938,1.7227613,18.23292769,7.641033672,3917692578,1805388285,21788345721,18295041921,1268113842,346089178.3,1995413459,910914215.2,2345209268,1205749500,1375839994,1268181456,2347115488,1997082518,3120243125,2355177291,83.51613084,25.12237567,92.22230851,19.68867768,84.9201752,18.98462282,7.383793845
S-CFHIZELS-SM14-145965,0.819211657,4.7825093,2.869506,13.69600019,5.731270422,10790225304,4972454057,35459517203,26925878350,3492676823,640289590.3,5495827037,2329587676,6459245049,3255821808,3893759389,3492797631,6731885910,5501457433,9013438542,6493425011,160.3161666,23.53174333,208.407532,39.48265132,233.2868915,23.88023346,4.731429315
S-CFHIZELS-SM14-148830,0.813597442,2.1080093,0.9717443,17.87991323,7.508616326,12162705134,5604933242,38017088601,28572373731,3936933395,1074454064,6194877478,2827986328,7280838974,3743319661,3991510991,3936939457,6379621495,6195043366,7705212919,7281957102,110.8475129,30.31124194,139.9538426,24.1511253,146.3750471,21.15944906,4.066567765
S-CFHIZELS-SM14-159913,0.8176444,2.9499652,1.7699791,14.3703682,6.03884537,2612342630,1203844530,18551525884,16151838806,845586473.1,155015886.9,1330554539,563999486.9,1563800637,788243246.9,944936907.6,845615660.5,1654433453,1332125508,2276302906,1574969952,91.64445493,22.07483088,106.9978678,26.51145943,142.9532793,17.1947806,4.728473795
S-CFHIZELS-SM14-164290,0.816475812,2.7790155,0,6.553289231,2.73019391,9840798965,4534930399,33418089172,25548579956,3185357998,1717451086,5012252061,2702458484,5890899421,3176199227,3714002909,3191514365,6599846392,5044113799,9080997287,5988341775,100.518073,27.31485065,108.7857867,17.9596778,119.0236275,33.30446257,4.726262429
S-CFHIZELS-SM14-216212,0.811673944,2.7626717,0,13.68168053,5.778063189,2094258215,965095951.7,16341995842,14400831398,677888266.9,365497360.5,1066676608,575120567.2,1253664926,675939153.7,756844952.8,678464708.4,1325427226,1070363953,1826343770,1267856689,39.64158658,18.86867618,56.58151202,15.16574232,71.99258066,15.43752609,8.046445198
S-CFHIZELS-SM14-228100,0.816892455,2.1381419,1.2828851,8.82159081,3.680605838,1945495622,896541761.2,16431592929,14616154365,629735457.5,115445324.2,990906782.5,420028570.3,1164612657,587030112.7,753016258.7,629795941.2,1386693821,994021296.8,2020379735,1185586489,68.45185001,24.01119752,65.52803838,21.43401005,58.36459357,14.89422155,5.867493299
S-CFHT-NBJ-2048,0.815117006,2.6084435,1.5650661,6.379513656,2.648473002,1358408841,625994857.8,13612359039,12329013343,439701947.2,80607705.87,691883610.2,293277718.5,813170748.3,409883673.9,685902454.4,439952416.7,1438553139,702504056.7,2329595567,869928905,71.08946653,26.21296037,64.52952427,20.60160958,50.92833508,18.60872675,4.578056063
S-CFHT-NBJ-956,0.808736768,3.7420652,1.7250068,24.38258127,10.37534162,7194991691,3315664374,27553286455,21592315094,2328939389,635606004.3,3664652846,1672928686,4307066178,2214404907,2389818408,2328946985,3868797363,3664853973,4770951287,4308371848,71.90450141,21.44740124,121.8742293,26.70782983,155.2729817,34.94856655,4.566201653
S-NBJ-CFHT-1739,0.803848966,2.082567,0.960016,17.03760111,7.223809507,27103820906,12490240049,60555180463,43053577830,8773207643,2394353025,13804893553,6301989051,16224890220,8341751644,8849132590,8773213252,14061404304,13805046869,16812805015,16225922491,189.952017,70.25101794,199.2131619,39.12047326,224.809746,44.66974878,5.930024423
S-NBJ-CFHT-1745,0.817216932,2.1171663,0.9759654,10.69846566,4.469246733,4977719809,2293880096,24383748762,20034262008,1611232956,439732084.8,2535321213,1157384285,2979762807,1531994429,1721949317,1611291719,2897661213,2536785215,3780428864,2988604017,127.5613519,21.00142916,136.2641843,20.9738031,135.7043042,20.42012796,5.962460544
S-NBJ-CFHT-1759,0.803153784,3.1302242,1.8781346,10.70760108,4.479227512,21728504992,10013135941,54829438828,39595451127,7033277217,1289364976,11067063184,4691140164,13007118420,6556317323,7473585811,7033375785,12444156950,11071924974,15898359813,13038532588,296.3145474,52.68960102,336.3925064,42.78532918,349.4767787,44.23354126,5.928307527
S-NBJ-CFHT-1770,0.772521049,2.0013447,0.9225744,11.99163251,5.027537991,5457953574,2515185979,25487524028,20759888000,1766679325,482155899.8,2779920528,1269044815,3267240360,1679796117,1849566219,1766709602,3054683212,2780701891,3883340354,3272156753,67.62017643,19.14318533,85.56656818,20.93683229,97.72245737,23.00696044,5.849606604
S-NBJ-CFHT-1774,0.812180396,2.7643955,0,4.700551868,1.9650162,5875296754,2707510025,26723373556,21660134309,1901768705,1025377597,2992487538,1613461023,3517070349,1896300603,2802246693,1936013026,5515688323,3138359495,8229911875,3876247632,98.09883913,27.34940654,89.65842205,21.71500821,77.15581241,19.88781333,5.950368262
S-NBJ-CFHT-1787,0.81309285,3.762009,1.7342005,52.82679305,20.91895893,18240233531,8405637572,46937175224,34003243695,5904162250,1611343278,9290368438,4241090328,10918969235,5613802527,5925582538,5904162807,9364418531,9290384525,11093307455,10919084825,211.2476916,67.10129994,208.6264349,42.1057937,209.7737619,46.83571865,5.952570426
S-NBJ-CFHT-1793,0.815569884,4.528201,2.0873976,7.702569416,3.246857016,7465001516,3440092865,28959980409,22754348271,2416338589,659458652.1,3802177991,1735709445,4468699469,2297505910,3268393675,2418573440,6216099300,3839426678,9030160580,4613965758,105.7072751,23.16538421,77.46850463,16.60723564,77.46850463,16.60723564,5.958523072
S-NBJ-CFHT-1795,0.808946386,7.21296,4.327776,8.686107298,3.61733255,5559426853,2561947858,24951788219,20173519928,1799525105,329895264.9,2831604304,1200269001,3327984297,1677490777,3153481358,1802075404,6378934470,2903355394,9523941816,3585335173,97.87076832,16.65861986,82.0190225,15.56054377,82.0190225,15.56054377,5.942522128
S-NBJ-CFHT-C343,0.809067506,2.0962715,0.96633345,28.66037042,12.16260175,10691297668,4926865285,33834787464,25493625983,3460655040,944469835.7,5445439843,2485865047,6400024985,3290464111,3477021662,3460655430,5502077866,5445451123,6533532785,6400106049,99.62621942,37.43223943,109.8480124,36.03529206,145.4468132,36.69870363,4.566820865
S-zvipe_z1_1056,0.84007594,3.0692112,1.4148365,11.52283798,4.839958581,18751236277,8641122708,47694451700,34486498531,6069568198,1656485274,9550639436,4359905070,11224865717,5771074003,6344578026,6069663021,10428305360,9552872974,13110094981,11237569287,125.1241305,20.67235134,143.7102444,24.46494157,140.5789217,26.08528272,5.052963144
S-zvipe_z1_1066,0.97405976,1.2744509,0.5874928,10.21809267,4.257799646,13584088881,6259948793,42166974765,31646624404,4397019623,1200019302,6918836339,3158476505,8131707762,4180779416,4472958346,4397033386,7174357054,6919209037,8714574917,8134188603,158.7707886,21.39593742,156.1629222,23.57397911,152.9282909,29.46006212,5.266480818
S-zvipe_z1_1069,0.815069608,2.111762,0.97347414,12.16831668,5.076892743,20185052169,9301867359,49465027823,35563370275,6533678575,1783148795,10280930409,4693285896,12083176636,6212360008,6653873628,6533694019,10679528903,10281332131,12977420121,12085732931,196.2763104,35.99618377,187.7078985,31.66976288,194.5417741,37.63135847,5.004146138
S-zvipe_z1_1070,0.799530419,5.798157,3.4788947,6.865656106,2.854758591,6745752740,3108641815,27560752265,21880799466,2183525699,400291482.4,3435840239,1456394285,4038142741,2035450444,3702405752,2186423613,7385080282,3516642963,10885304218,4326464992,113.5647673,23.98358428,149.8430682,44.10777764,149.8430682,44.10777764,4.972214641
S-zvipe_z1_1172,0.808350852,3.7403374,1.7242104,9.924441029,4.147216265,10593277028,4881694483,34238671079,25909885721,3428926840,935810693,5395514612,2463073983,6341347865,3260296269,3838548422,3429247030,6652530158,5402238702,8927136909,6375043102,90.86566664,27.57558804,82.20101966,21.19255254,74.97362897,21.39086669,8.035525503
S-zvipe_z1_1304,0.973408141,1.2737037,0.58714837,14.40459563,5.990180681,29993697066,13821980215,67977137397,48397971063,9708628656,2649645106,15276805315,6973922791,17954827989,9231169807,9763010560,9708632205,15462683997,15276905489,18386644606,17955528145,120.6607628,25.11487758,130.9047997,20.64654254,146.991883,18.36233925,6.169558729
S-zvipe_z1_1315,0.819721297,2.99501,1.3806314,20.25450477,8.491745036,12275247849,5656796244,37283285396,27858277974,3973362229,1084396120,6252199293,2854153980,7348209297,3777956974,4049051903,3973371778,6505801162,6252453264,7923923089,7349866190,144.0426785,23.91050492,176.1789727,19.57739297,163.3926641,22.08873627,7.419892032
S-zvipe_z1_1318,0.924631082,3.1471405,0,15.45930115,6.510420634,13836617479,6376321419,39889768340,29499468691,4478760343,2414815484,7047457703,3799781342,8282876440,4465882689,4625180926,4479110690,7527010785,7049737588,9343529906,8291867796,103.4679529,26.37428924,108.3263514,20.38896806,144.2201496,21.85471099,7.690719789
S-zvipe_z1_1322,0.841009956,2.5947118,1.5568272,11.77968634,4.897843087,21331943555,9830388735,52001360231,37358599212,6904914657,1265833011,10865081019,4605523298,12769728799,6436659617,7115888042,6904931421,11549687388,10865984008,14268017298,12776185301,69.75434709,20.95096963,96.67156885,11.01155688,126.5924682,10.90675986,7.480961287
S-zvipe_z1_1530,0.818540738,2.990567,1.3785833,9.084681587,3.776449718,10496155066,4836937818,34487547246,26186946555,3397489533,927230942.6,5346047109,2440491876,6283208713,3230405013,3734096818,3397730778,6394568828,5351329210,8475648761,6310861885,75.58082811,13.33824454,89.2331181,11.58863383,101.9944632,13.92891824,4.730165539
S-zvipe_z1_1531,0.927871857,1.214008,0.55963004,10.29238013,4.307076098,93117182123,42911143836,1.45816E+11,1.06995E+11,30141003983,8225977361,47427733222,21650949875,55741810825,28658705052,30265767513,30141009761,47848897644,47427891717,56706134420,55742882494,76.90090855,13.34290788,95.08674021,13.609781,117.0825705,15.86916056,4.909733167
S-zvipe_z1_1532,0.862062274,2.934177,0,9.017880271,3.760786234,5875296754,2707510025,26388158246,21337680252,1901768705,1025377597,2992487538,1613461023,3517070349,1896300603,2200473560,1905528506,3920384850,3013647696,5451191894,3587571973,75.48973866,21.27899355,72.78997435,16.52017881,75.13555069,15.51288152,4.80782032
S-zvipe_z1_1538,0.855393115,2.8297935,1.6978761,10.72131417,4.474263235,7816824443,3602223246,29362914499,22920225589,2530219787,463848781.3,3981373318,1687636571,4679307722,2358633589,2724921313,2530249858,4604589078,3982912410,6022477352,4689685689,74.97755361,25.14807502,102.2772098,23.59270435,129.2347805,22.75170589,4.79647668
S-zvipe_z1_1540,0.853700713,2.2117953,1.0195873,45.74087232,19.87930853,8337392296,3842116266,30464643212,23645873707,2698721854,736525697.2,4246516149,1938551587,4990930069,2566001899,2706257158,2698721986,4272827163,4246520038,5053608231,4990958792,74.41597693,25.86385596,103.959145,21.15283325,135.7398445,26.97984792,4.793566804
S-zvipe_z1_1542,0.815544471,2.112905,0.9740011,10.30183051,4.279083739,40274474332,18559665591,78986562048,55862859021,13036402773,3557849380,20513153220,9364336444,24109107236,12395287890,13282912250,13036448137,21316031485,20514288275,25873481533,24116013180,184.1895893,25.03441069,200.0007451,27.65068873,200.733169,28.37834031,4.724495324
S-zvipe_z1_1543,0.842992417,2.1840549,1.0067996,16.20112387,6.748083785,31407289586,14473405339,67447167419,47804713505,10166192951,2774521722,15996795841,7302601221,18801032792,9666231586,10270487702,10166203266,16346737523,15997073424,19596701329,18802868036,118.4483428,24.57520713,134.3547385,19.76298396,137.9395029,22.1750547,4.774858116
S-zvipe_z1_1575,0.993940046,1.3005438,0.59952104,13.36418012,5.573502649,30271231714,13949876366,66962265188,47566578675,9798463558,2674162555,15418163107,7038453200,18120965789,9316586739,9857978446,9798467353,15620972499,15418269322,18590462324,18121700714,123.151654,20.02852297,122.2658478,18.66874754,120.7628567,20.43955541,4.077077561
S-zvipe_z1_1577,0.842758327,2.1835556,1.0065694,54.68583162,21.35661069,14224277281,6554966489,40633002653,29995847045,4604241542,1256573498,7244905964,3307328547,8514937364,4377810388,4610483703,4604241599,7266776973,7244907684,8567251409,8514950215,92.89075672,17.40937202,117.6189541,21.30066133,140.4543555,31.04837643,3.896776687
S-zvipe_z1_1580,0.842900447,2.4587634,1.4752581,8.227617501,3.420099596,13964649070,6435322152,40618830852,30090809728,4520202756,828659380.3,7112668527,3014939417,8359518715,4213666364,4842003679,4520261049,8124962138,7115548252,10499205631,8378192683,123.8370398,23.75149104,119.2508371,13.82499023,121.3962109,20.24227672,3.896982232
S-zvipe_z1_1991,0.823963682,3.542403,2.125442,6.602759468,2.741536825,22963093588,10582070778,56620902474,40744960009,7432899917,1362625060,11695880951,4957685248,13746167888,6928839680,8764052623,7433862631,15468261023,11732551545,20871584883,13925144810,161.1364793,30.64055196,154.5201886,24.77174293,129.0205288,18.97229881,8.086041018
S-zvipe_z1_2064,0.874803565,2.2665305,1.044819,13.14604975,5.498388756,38817742712,17888360697,80045322387,56626234866,12564874828,3429161475,19771190489,9025627410,23237078502,11946949103,12779248899,12564919107,20476163925,19772329419,24803173467,23244222570,175.7243207,23.40455688,182.1683661,18.41162377,178.1135356,19.39341053,5.603683232
S-zvipe_z1_2597,0.914207164,5.341929,3.2051578,13.75934787,5.728502341,4797666775,2210906348,26065634510,21802386522,1552951776,284692501.5,2443614108,1035806497,2871979453,1447638738,2058979886,1553626103,3957318039,2473024907,5898179194,3034805429,106.7223605,26.34569854,98.91834042,22.28083981,98.91834042,22.28083981,8.134837606
S-zvipe_z1_2603,0.819440994,2.123207,0.97875017,14.30995042,6.044245435,5715185029,2633725820,25147205848,20255043150,1849942307,504879728.3,2910937216,1328854450,3421224263,1758964322,1908108968,1849952932,3105906234,2911218200,3864042314,3423044212,57.54768237,25.56114476,68.73439,21.08130408,78.90710762,16.75969994,7.871745225
S-zvipe_z1_2740,0.824578614,1.2762972,0.76577836,10.27459545,4.310550258,16033556802,7388735853,44746760856,32886517462,5189885351,951427913.1,8166433275,3461612387,9598008335,4837934601,5259195166,5189887878,8400210055,8166583533,10132788830,9599210801,86.97307793,41.92360343,99.11946343,32.65161115,114.9708231,27.11678347,5.502154566
S-zvipe_z1_3500,0.821218208,1.2165413,0.7299248,16.99293529,7.696562728,5768068202,2658095946,24797454522,19884369602,1867060006,342275980.7,2937872406,1245314234,3452881189,1740445813,1880020187,1867060135,2982746336,2937880538,3558725542,3452950986,58.25708962,12.08845537,59.45786151,11.27861957,61.33493268,12.28029817,5.877602777
S-zvipe_z1_817,0.910927808,3.5207057,2.1124234,6.799530543,2.848908786,2812095773,1295896670,18265782034,15707460065,910244360.5,166869197.6,1432295577,607125785.8,1683376870,848516376.3,1383408527,910721712.9,2812492350,1450461970,4372236606,1770567960,56.8586849,8.419601648,59.0252659,9.819261709,59.0252659,9.819261709,4.208168894
S-zvipe_z1_819,0.920533461,3.301965,1.981179,5.38875903,2.2570337,1448873195,667683500.2,14201287067,12834457257,468984260.1,85975842.34,737960168.3,312808789.4,867324523,437180214.3,1014681462,470458665.1,2269572423,786818019.4,3733787384,1063200351,48.16210502,3.439375428,48.09855492,10.22887417,48.09855492,10.22887417,4.220282587
S-zvvd_z1_186,0.822469938,3.8056493,1.7543176,10.86470909,4.551170496,53092153360,24466430120,92966223870,66398179549,17185343987,4690164124,27041631075,12344612812,31782026705,16340189125,17798377214,17185523951,28939297321,27045626227,35722938549,31803416985,121.3990678,17.4141063,141.1920721,22.16235353,141.1920721,22.16235353,4.080995377
S-zvvd_z1_206,0.807419543,5.2066064,2.400127,10.79043075,4.544014959,29176318343,13445307992,61677734438,43676075833,9444052186,2577437654,14860486660,6783871570,17465528709,8979604862,10312272663,9444646283,17428161974,14872145958,22541343976,17520404026,149.4197376,18.80988941,125.3026086,22.20971375,125.3026086,22.20971375,4.056328877
S-zvvd_z1_450,0.840096996,6.1531253,2.8364508,10.34169239,4.319044232,22963093588,10582070778,53037339806,37838656856,7432899917,2028560911,11695880951,5339216354,13746167888,7067358664,8592477844,7434234275,14994789154,11719426654,20007057912,13845679342,105.4210086,18.41390181,91.49284204,18.58745456,91.49284204,18.58745456,5.053002951
S-zvvd_z1_475,0.901271987,3.2928438,1.517926,11.53913145,4.829993695,52605390476,24242115427,95295497744,67747858754,17027784215,4647163298,26793706259,12231434053,31490640690,16190377924,17544841023,17027950874,28420142885,26797540656,34927635296,31511876737,99.15613071,23.20813919,122.2285564,17.25930789,142.6017805,27.89407161,5.15995361
U-HiZ_z1_132,0.841548603,2.4271846,0.94784594,11.85839816,4.969594818,22752561881,10485051558,53284145517,38076983487,7364753128,2339571828,11588650026,5464584068,13620139390,7065262464,7537914540,7364800782,12155564666,11589541430,14873464826,13625188938,119.2153786,20.30575744,127.978601,14.97299191,125.7339851,13.03038933,5.463697554
U-HiZ_z1_139,0.841690919,1.8334421,0.715982,8.321508382,3.488519537,10790225304,4972454057,36105773215,27519191997,3492676823,1109523804,5495827037,2591536486,6459245049,3350645724,3676155332,3492814422,6089751257,5498318369,7755378862,6472809065,127.1128829,20.60655795,129.8732564,23.78613268,128.7734259,25.61135085,6.422473999
U-HiZ_z1_204,0.839484702,1.8285182,0.7140592,8.029080937,3.335023367,11092515006,5111758067,36137261126,27391297840,3590524663,1140607217,5649793416,2664138722,6640201722,3444514532,3776507749,3590650235,6251065263,5652054691,7950565909,6652443818,154.4599326,22.97879525,147.9695284,22.03757551,141.6325513,22.78870103,6.983950699
U-HiZ_z1_205,0.843690839,2.4331105,0.9501601,15.31141926,6.436351521,29718706930,13695256650,62422020545,44189458732,9619617385,3055877779,15136743529,7137674106,17790213384,9228431745,9729520515,9619631124,15503796531,15137014615,18620406794,17791845915,161.6375487,54.99141879,183.225089,32.4204098,194.0251111,48.16781555,6.994901511
U-HiZ_z1_208,0.836158015,4.9710264,1.941248,16.38705618,6.82051108,9661180066,4452156712,33874329766,26069426896,3127217343,993427668,4920766075,2320368617,5783375949,3000047784,3441003828,3127652653,5903304242,4927971689,7849405447,5818812556,141.5377106,25.60816068,166.4664265,27.21274785,197.455992,41.99146594,6.975205601
U-HiZ_z1_31,0.835747551,2.957641,1.1549958,14.72909898,6.114701328,6095792477,2809120957,27908910853,22648859115,1973140737,626810484.3,3104793474,1464053614,3649063506,1892902171,2114143321,1973301691,3563847360,3107754846,4657316494,3665459756,84.06003943,20.15814507,103.5830235,18.94392536,125.8625143,20.02774027,3.64359738
U-HiZ_z1_44,0.833836328,3.4721093,1.3559021,54.22466652,21.24692854,37759827560,17400842194,73823297917,52214734238,12222439371,3882720083,19232358488,9068945874,22603789297,11725408934,12244065041,12222439838,19307357918,19232368607,22781027844,22603857164,94.27749019,31.06335828,192.3656281,40.72994937,247.4989944,49.93039338,3.640952117
U-HiZ_z1_84,0.840263632,2.1870446,0,8.829603782,3.697575067,1663528425,766602961,15600255019,14035657269,538465788.5,290324872.2,847291343.8,456834503.3,995821444.3,536917552.9,664734733.4,540999761.3,1251324312,862592626.7,1866125306,1050495781,49.63878139,16.43500049,46.01151296,9.142797627,48.86920055,10.52265044,4.134020222
U-HiZ_z1_96,0.839854634,1.748568,1.0491409,10.9451018,4.545648444,32887446455,15155505279,69392465526,49134514872,10645303391,1951534030,16750689843,7100332864,19687084349,9923394819,10791273085,10645309432,17235224476,16751036146,20775209227,19689741663,281.8441145,23.30615994,294.778466,28.20835384,303.3474085,44.37704113,3.934231613
U-zuds_z1_100,0.824522973,2.1460745,0,8.257006477,3.43063695,6442137059,2968726755,29466685572,23908805159,2085248655,1124304574,3281198495,1769125456,3856392312,2079252998,2341921283,2088951143,4093449194,3303430579,5584016263,3935901860,81.00339962,25.42057263,90.34087683,23.63011324,90.33144857,23.55899322,5.428277805
U-zuds_z1_113,0.916177527,2.3846338,0,6.773989572,2.810503954,2660910828,1226226188,21622854314,19147734779,861307462.8,464391581.3,1355291967,730733456.7,1592874533,858830969.6,1278766367,889763702,2615547756,1504048845,4136316577,2034088942,76.28521264,26.0189818,80.04570824,22.09296043,84.85581307,19.29666892,9.267346536
U-zuds_z1_118,1.036549887,3.3151658,1.9890995,7.082007528,2.967208537,15596615395,7187380367,43037144959,31563223450,5048452241,925499983.1,7943884225,3367277674,9336446454,4706092759,5789437552,5048743720,10131143934,7956035307,13651194904,9402103503,225.9471149,46.09904263,160.5091208,40.45431376,160.5091208,40.45431376,3.858435089
U-zuds_z1_139,0.899760924,1.9598911,0.76536196,8.584465497,3.567186025,10116490353,4661977121,35787957225,27592890179,3274596257,1040245777,5152671018,2429722534,6055933810,3141433481,3486384258,3274821406,5833977714,5156698630,7532199554,6077542899,111.3865749,27.81010275,108.0138788,19.67353151,130.4419328,20.02966261,4.962998809
U-zuds_z1_147,0.882540585,3.6747413,1.4350324,57.83291553,23.37312412,33191757252,15295740669,68003407690,48099311385,10743805437,3413000346,16905685634,7971812121,19869250889,10306904257,10764643172,10743805937,16977953597,16905696475,20040037403,19869323561,109.7585532,41.02262277,147.0705529,45.92223379,160.9413819,48.44370518,5.523525993
U-zuds_z1_188,0.912776862,3.2073195,0.9621959,13.79012972,5.81110536,9931856852,4576892559,35846259763,27752442393,3214832431,1200690829,5058630925,2476172941,5945408497,3116572319,3441989809,3215304471,5787189549,5064735662,7518653490,5974979981,91.65569703,19.94167507,102.7974194,19.16115644,112.8819469,19.33483997,5.5751437
U-zuds_z1_220,0.91429774,5.226306,3.1357837,7.842286152,3.26696108,1694456443,780855503.6,15820392264,14227200901,548476846.4,100548695.8,863044030,365829711.1,1014335575,511282030,1314432432,552052221.8,2945428386,971981000.1,4786129386,1409050490,78.68110802,21.06223719,69.08611226,20.48600115,64.25819854,21.91477606,9.262127398
U-zudsp_z1_115,0.826691341,1.800763,0.7032204,10.2769762,4.278765323,16181916890,7457104558,46147331910,34055550672,5237907874,1663933936,8241998091,3886483080,9686819656,5024906257,5388685230,5237980783,8738243916,8243384070,10790352847,9694799573,145.2923283,24.61127216,170.7507585,25.13428213,173.2034453,21.61818442,4.837620348
U-zudsp_z1_120,0.827709666,1.2405124,0.74430746,42.43927332,19.63448819,6039904642,2783366194,27904893413,22683874935,1955050461,358406699.5,3076327907,1304003171,3615607928,1822469217,1958355893,1955050478,3087950381,3076328986,3643524838,3615617690,227.8480769,19.55340012,224.5671028,27.95160255,218.8115307,46.80008385,6.388431155
U-zudsp_z1_55,0.957974844,2.380947,0.7142841,7.401723056,3.076742117,1710135416,788080836.9,16603436065,14991162975,553551956.9,206743209.6,871029861.9,426364488.6,1023721323,536632856.1,795544287.9,556658689.9,1617478480,906577395.9,2567034920,1169355715,89.17188761,24.55102828,98.55849871,22.11996305,82.17949093,18.49176022,6.972171733
U-zudsp_z1_79,0.815636529,3.5072389,2.1043434,8.125017089,3.38371552,3741363420,1724130608,21846428943,18487595782,1211038040,222011735.3,1905603049,807752779.2,2239655102,1128911807,1667990721,1211555649,3262983847,1927176275,4934685382,2353601666,74.50065915,26.12096087,70.09477272,20.16346335,56.57374167,16.14823612,5.390296127
U-zvipe_z1_1081,0.880359668,7.7281384,3.0179346,15.95304499,6.816700174,6383073845,2941508684,28711298820,23222688524,2066130544,656350707.7,3251115600,1533051267,3821035889,1982110513,2804167932,2070778134,5385728590,3313438418,7939686163,4061394811,57.82174932,11.37707061,59.07952212,15.15566329,59.07952212,15.15566329,6.510487222
U-zvipe_z1_1821,0.84154785,3.5039103,1.3683208,13.82408217,5.74339646,13092728075,6033515242,43343164714,32962227554,4237971554,1346282575,6668569647,3144538780,7837569339,4065632727,4582259596,4238567139,7757785427,6678899621,10153195956,7891007095,136.2387574,31.76346618,137.2836286,23.85140163,142.3093615,23.39186405,6.98933693
U-zvipe_z1_1838,0.802053731,3.825385,1.4938607,17.07595553,7.148605075,4753680499,2190636175,23330970006,19175848448,1538713904,488805477.4,2421210408,1141712604,2845648387,1476141480,1664946909,1538821101,2831114201,2423139390,3743470957,2856069605,124.2936553,24.05815929,104.8561551,18.08106206,75.5877637,20.70087457,6.881152217
U-zvipe_z1_247,0.837696549,3.488066,1.3621334,9.781036101,4.096360695,7328759666,3377308602,31713896409,25462631682,2372238606,753592482.5,3732785404,1760180831,4387142368,2275770563,2870759189,2374327144,5243905304,3764985834,7451823602,4532216354,106.5985299,20.54788865,96.19649669,19.58697704,133.7565866,33.93960967,3.931044054
U-zvipe_z1_249,0.883391239,1.924246,0.7514421,9.851196906,4.087830668,17580451641,8101590618,48107025149,35227034648,5690598135,1807740629,8954319185,4222375355,10524010577,5459187671,5876916999,5690698666,9562469580,8956190166,11863658740,10534525211,186.8243748,26.87100059,196.640262,32.50647368,208.9020885,43.57421492,3.994886147
U-zvipe_z1_251,0.840195655,1.8301002,0.714677,7.126977413,2.963950735,11940705710,5502629359,41262593822,31659968025,3865074631,1227823894,6081805656,2867852454,7147945670,3707899813,4206177183,3865712288,7159449863,6092820619,9435431988,7204646441,123.610796,22.46652519,129.2631902,20.30924314,134.4965704,17.74944947,3.934733701
U-zvipe_z1_4550,0.88862081,1.9356444,0.7558933,12.0469562,5.021344991,24267787453,11183312190,57056049877,40792102920,7855214920,2495377653,12360405705,5828502598,14527183775,7535779450,7985248790,7855246653,12792145800,12361021835,15497028420,14530821470,135.3393745,35.28146137,143.7551853,21.27796404,145.2720785,15.90388644,4.945392264
U-zvipe_z1_4553,0.918761761,2.6497772,1.0347711,16.0612592,6.96106325,19634975527,9048375819,49803248222,35995234981,6355624838,2019000629,10000757753,4715819502,11753889738,6097170794,6477710640,6355656770,10405791395,10001375267,12662946020,11757519055,137.7226076,28.92934765,141.6184319,27.34449885,152.4978241,28.6046217,4.991852825
U-zvipe_z1_4555,0.890681663,1.2161971,0.47494018,10.52671593,4.407979564,11615301383,5352673449,39163519152,29896814687,3759744843,1194363602,5916066216,2789698635,6953152121,3606853298,3824258446,3759764282,6133943723,5916460542,7452273185,6955599874,177.7345388,30.53190193,174.872124,31.02357197,169.5989001,38.67895188,4.948688525
U-zvipe_z1_4563,0.900588564,5.3542953,2.0909193,34.41452737,14.67452101,10990815899,5064892119,36068118829,27380086859,3557605785,1130149789,5597994618,2639713174,6579322598,3412934305,3648434640,3557636168,5900512196,5598586057,7261353031,6582823378,108.1147939,20.16292607,126.5194317,18.20798854,143.7464935,15.4879819,4.964286273
U-zvipe_z1_4742,0.83930001,2.9701536,1.1598821,9.478338505,3.951427581,4932082759,2272849198,23521616474,19232685826,1596460747,507150013.7,2512076719,1184560275,2952443554,1531540026,1827752796,1596785736,3238486212,2517394907,4485248258,2978247792,93.30324702,26.19879029,104.1997652,18.79466129,118.0288297,20.20297333,6.416738328
U-zvipe_z1_4766,0.807178247,3.180804,0.9542412,13.27487201,5.578154119,6039904642,2783366194,25126659456,20019606825,1955050461,730181516.3,3076327907,1505846163,3615607928,1895295102,2086041895,1955154285,3501926712,3077684382,4548457102,3622279272,83.95037525,20.47918814,75.01745745,15.64635431,86.45486416,27.16233879,6.630999608
U-zvipe_z1_4773,0.857262318,1.6582869,0.4974861,7.861623885,3.299316174,4977719809,2293880096,23134512400,18826757864,1611232956,601770906.6,2535321213,1241026252,2979762807,1561986243,1712042403,1611314343,2865844511,2536408717,3711719803,2985242109,129.064387,27.45048061,125.439756,23.84022683,121.0171145,23.45441596,6.759498345
U-zvipe_z1_4774,0.973278854,2.7743428,0.83230287,7.162157752,2.987001759,8730315361,4023186802,34192407121,26917216110,2825906713,1055433020,4446645167,2176609170,5226141687,2739533968,3419024889,2829926432,6223709502,4490345098,8785298929,5399467052,77.62476378,17.53243321,72.27650814,10.1646534,63.36912891,11.44517194,5.133972568
U-zvipe_z1_4777,0.915145177,3.2386749,1.264743,10.37441842,4.307367404,11195155145,5159057671,37560890379,28644083039,3623748143,1151161374,5702071514,2688790264,6701644165,3476386967,4009632650,3624425240,6900775163,5713134015,9199685278,6755199006,86.12359946,21.28530235,118.8350093,18.7298875,146.4033803,29.0695918,5.05251874
U-zvipe_z1_4780,0.878041146,3.1073668,1.2134656,8.116531476,3.367150117,11722758323,5402192776,39420049803,30075954150,3794527468,1205413051,5970797673,2815507048,7017477998,3640221474,4416540290,3796460722,7840035398,5999954691,10773673318,7146321026,140.0191947,20.43846064,153.578493,23.45535835,172.9025591,18.49814538,4.993460159
U-zvipe_z1_4857,0.895036505,3.7270985,2.2362592,6.320150865,2.622286806,7816824443,3602223246,30994505296,24460327759,2530219787,463848737.8,3981373318,1687636544,4679307722,2358633579,3561227461,2531697478,6859891650,4033821454,10035141373,4914268799,97.68648295,25.50756574,113.7516347,24.02659386,135.915025,31.93501092,5.545945399
U-zvipe_z1_4958,0.802183513,1.7474563,0.6824035,10.4613469,4.338779496,9484839655,4370893850,32786665604,25158244689,3070137898,975295210,4830949934,2278016183,5677815047,2945289507,3161700001,3070168628,5135047891,4831541756,6361207505,5681276011,141.0557241,25.39103006,151.1614076,22.74818752,149.2344016,25.08434983,3.595221191
U-zvipe_z1_5083,0.988869293,4.716829,1.8419807,34.51180286,14.77521386,15740932421,7253885908,45568760541,33726492314,5095166069,1618588817,8017389772,3780569813,9422837518,4887969083,5189003766,5095195196,8331504035,8017967523,10135076479,9426331899,103.7119394,26.39029008,123.7995391,21.21978897,145.3125441,26.38465892,3.81760904
U-zvipe_z1_5101,0.804249791,5.7033997,2.227249,27.19238101,11.3909024,6683905897,3080140966,28557992176,22872477972,2163506559,687284250.6,3404339549,1605303421,4001119982,2075526686,2309892520,2163648710,3880031593,3406933607,5043773459,4015355992,94.98333101,16.63975024,95.48131969,17.68706164,109.5626122,24.92494961,6.622968253
cosmos_111029,1.328844883,3.393348009,0.339334788,5.722730271,2.38328679,57259999232,5725999923,1.0032E+11,71644112059,18534429689,15084805850,29164456075,25517163603,34276982746,30591487271,20783020820,18564078736,35327828978,29339372672,45516853055,34823828745,150.9103809,28.62854287,142.7457293,23.93735351,142.7457293,23.93735351,7.265136529
cosmos_127977,1.619750892,2.11162806,0.211162809,16.94626117,7.543565885,11230000128,1123000013,73258332433,63036710823,3635027080,2958476649,5719819243,5004501465,6722503070,5999692812,3768067402,3635502290,6170013145,5724090286,7756286802,6743432132,123.2149137,22.67564786,179.7272348,21.23080863,196.6673971,18.62507492,6.227674511
cosmos_130477,1.465335507,2.825885887,0.282588576,10.96229622,4.787842658,25280000000,2528000000,57717835354,41125315348,8182856948,6659865479,12875959823,11265698650,15133114486,13505986878,8505605245,8183716386,13903334595,12882390878,17333200183,15158638619,201.5538428,39.33544288,232.9595621,41.31772787,232.9595621,41.31772787,5.126475503
cosmos_130592,1.565156416,2.917263928,0.291726406,4.559350315,1.897776972,2960000000,296000000,93902362393,90990520812,958119326.2,779794368,1507628207,1319084965,1771915304,1581397196,4224820450,1398819792,10960499285,3618572883,20000759296,6894884005,132.8518233,23.64662741,134.8909377,20.37866745,134.8909377,20.37866745,5.134985694
cosmos_132082,1.538490927,4.530143141,0.453014327,4.243712183,1.77797203,14979999744,1497999974,47674114518,35962557379,4848860561,3946391707,7629820999,6675639340,8967327972,8003151892,8330334891,5037655646,16072673934,8462590486,22668292876,10926961806,210.7850979,29.00372067,194.8820089,9.782093778,194.8820089,9.782093778,4.783231601
cosmos_133977,1.532817292,3.820664008,0.382066414,4.888351683,2.029708844,7713999872,771399987.2,56929794961,49816666692,2496936608,2032207318,3929001283,3437642315,4617754874,4121249247,5303136437,2565526070,11540354820,4222335936,18367031422,5260194110,194.4302753,42.72024997,188.2225316,29.3096668,188.2225316,29.3096668,6.045069152
cosmos_169088,1.617542395,3.775274753,0.377527462,4.133383587,1.714383834,5539999744,553999974.4,64011199538,58733063964,1793236764,1459479945,2821709419,2468827833,3316354841,2959777051,5986929343,2077113714,13826073530,4057217671,22533292305,6121825920,168.4035843,35.38080263,160.4559089,17.13329651,160.4559089,17.13329651,6.137386862
cosmos_171407,1.525097158,2.186094409,0.218609441,14.1534789,6.262949467,25610000384,2561000038,67698716646,49267962778,8289674429,6746802081,13044040190,11412758954,15330659327,13682291495,8453189314,8289908211,13587457353,13045986815,16552642565,15339380717,142.4713942,26.28621599,144.4826922,38.5354016,155.5684262,28.82666203,6.225241155
cdfs_18884,1.345556988,3.237128401,0.323712847,4.091953929,1.69902125,11000000512,1100000051,1.12517E+11,1.02111E+11,3560578743,2897884618,5602672652,4902005169,6584820692,5876814181,9504032555,3812903518,21657278592,6710381685,35468392605,9105734436,144.3087215,26.88500225,150.2256413,23.3274123,150.2256413,23.3274123,5.835169333
cdfs_23826,1.615148555,4.332650618,0.433265049,5.871262951,2.456476744,23069999104,2306999910,80941064154,62299960102,7467504053,6077653891,11750331550,10280840887,13810163672,12325281057,11347273922,7621153779,21970933363,12498520630,31747226904,15714671357,274.2915097,40.91175018,259.0490009,43.1289476,259.0490009,43.1289476,5.876593873
cdfs_27038,1.358022184,5.198524143,0.519852401,10.98716074,4.686116342,7974000128,797400012.8,1.1203E+11,1.04361E+11,2581095821,2100702850,4061428215,3553508007,4773396236,4260155897,4948454563,2633180192,11191337772,4376047943,19141385875,5743075000,105.6358485,17.15221949,104.0657447,18.08725509,104.0657447,18.08725509,5.96327589
cdfs_27397,1.401626024,3.727558504,0.372755844,4.711030414,1.956261198,27220000768,2722000077,68350833211,49322143296,8810813782,7170947108,13864067890,12130234400,16294437813,14542443556,11763264314,8869522696,21554070195,14119625206,29646719977,16869796424,181.1523558,26.8248793,164.7084602,16.84054575,164.7084602,16.84054575,5.976884484
cdfs_36243,1.356947972,7.01999856,0.701999843,8.977795837,3.759771828,1.175E+11,11750000230,1.5559E+11,1.2352E+11,38033453727,30954675901,59846728990,52362326591,70337855496,62775058896,41903121766,38092093107,69454146520,60097560556,86181867768,70885225371,247.2299599,21.52100231,224.3719058,9.236233626,224.3719058,9.236233626,5.939052797
cdfs_38684,1.554433783,3.763641463,0.37636414,3.818504625,1.589056044,41359998976,4135999898,73782352217,52553387189,13387775118,10896045432,21066047670,18431538142,24758924036,22096819751,17283037933,13489234726,30292418979,21435004102,39385852858,25462542465,263.1278008,42.16424007,279.5589785,34.47093115,279.5589785,34.47093115,5.846769167
cdfs_39901,1.327423386,4.838403118,0.483840325,5.14793507,2.140030272,49579999232,4957999923,99595209740,70425120561,16048498465,13061555487,25252772078,22094672832,29679580877,26488402635,21352563079,16189703431,38130204952,25774911551,50576745169,30675997846,163.1078166,33.01522992,150.9695525,40.36391243,150.9695525,40.36391243,5.79915263
cdfs_41128,1.342261592,5.534547947,0.553454782,8.996898845,3.82335892,37669998592,3766999859,85523997547,60901839134,12193362726,9923936812,19186605554,16787138133,22550015877,20125415608,14581822649,12232467312,25757859352,19405798891,34591467688,23197619335,374.5062443,52.10439473,266.809115,27.58771915,266.809115,27.58771915,6.285137201
cdfs_41280,1.578584841,4.749916289,0.474991629,5.725017618,2.391326764,8191000064,819100006.4,95303583564,87496826720,2651336305,2157870186,4171953629,3650211164,4903296745,4376089373,8261211301,2952508346,19100893342,5381636285,31367568520,7423648364,139.290935,25.19229601,183.9891132,46.174758,183.9891132,46.174758,5.847505462
cdfs_45136,1.550107598,4.686132552,0.468613262,5.385417578,2.247259269,15530000384,1553000038,1.17783E+11,1.03425E+11,5026889697,4091286106,7909954944,6920739875,9296569374,8296992931,13002647423,5561859545,28408343749,9883137246,44439854725,13024635993,223.0565368,18.76667302,228.903494,16.98955219,228.903494,16.98955219,4.308138961
uds_67671,1.467906058,5.554544347,0.555454409,6.337078387,2.643294216,35379998720,3537999872,75870067720,53769787028,11452115045,9320650006,18020231094,15766629898,21179176073,18901969876,15210257430,11550898669,27382448884,18404424488,36744626513,21943516553,190.9077564,30.92063594,194.4153783,34.25709111,194.4153783,34.25709111,5.97599266
uds_71136,1.379110737,2.507865209,0.250786524,3.587033387,1.489966741,4.521E+11,45209999770,4.67393E+11,4.52359E+11,1.4634E+11,1.19103E+11,2.3027E+11,2.01472E+11,2.70636E+11,2.41537E+11,1.48128E+11,1.46341E+11,2.34728E+11,2.30278E+11,2.77974E+11,2.70663E+11,344.0605027,52.68944918,385.1066566,81.79175332,344.7608727,42.53071649,5.95492301
uds_78317,1.470976252,4.165660651,0.416566072,5.523532596,2.296329128,30990000128,3099000013,87946587708,64841599122,10031120960,8164130960,15784256193,13810284888,18551234962,16556587613,14050475245,10154016779,26287562543,16320323142,36837129514,19740773712,189.4811163,21.99231072,173.0211795,29.58637346,173.0211795,29.58637346,5.976496546
