Names,Re,Re_err,VRe,VRe_lerr,VRe_uerr,VRopt,VRopt_lerr,VRopt_uerr,VRout,VRout_lerr,VRout_uerr,Vdisp,Vdisp_lerr,Vdisp_uerr,Rot2disp_int,Rot2disp_pgc
C-HiZ_z1_245,3.4952984,1.0485896,118.92033319572826,21.95141218066472,21.95141218066472,158.32414470249282,27.439607455052787,27.439607455052787,186.26699412143503,21.987294295100998,21.987294295100998,37.837,14.304770183403857,14.304770183403857,4.827,5.012
C-HiZ_z1_258,4.6041574,1.3812473,136.19095043847818,25.114856074232854,25.114856074232854,147.82256131504175,29.14813957285208,29.14813957285208,162.72885722265795,23.85124467133236,23.85124467133236,12.175,14.412250414144212,14.412250414144212,13.698,13.792
C-HiZ_z1_267,4.431997,1.3295991,55.705647514059706,13.212056478057677,13.212056478057677,50.93800429894444,9.706838140403486,9.706838140403486,50.93800429894444,9.706838140403486,9.706838140403486,22.455034680445273,13.691976117420014,13.691976117420014,2.145,2.858
C-HiZ_z1_275,2.456358,0.7369074,131.43214810768728,16.91011776563149,16.91011776563149,133.41872647811573,20.473056854259053,20.473056854259053,131.45568729784128,19.96907862769518,19.96907862769518,39.608,13.690176952837389,13.690176952837389,2.979,3.378
C-HiZ_z1_277,4.153598,1.2460794,58.87281784483352,16.185964026802708,16.185964026802708,73.62099608673601,25.707162288588243,25.707162288588243,80.21019193941451,30.029243860597223,30.029243860597223,4.508581262437221,16.511981861666396,16.511981861666396,19.614,19.622
C-HiZ_z1_285,1.5820578,0.4746174,105.78000994329541,21.385962996602267,21.385962996602267,104.65154026789082,20.688749908913078,20.688749908913078,126.70959150585797,25.686195734523295,25.686195734523295,41.11729755832696,13.695851798993738,13.695851798993738,2.942,3.429
C-HiZ_z1_289,3.7175689,1.1152707,96.35709473898997,19.11894809276786,19.11894809276786,97.61934721735426,22.77156247450648,22.77156247450648,109.37370900475932,28.03542158224452,28.03542158224452,33.69994229223546,13.799450097739403,13.799450097739403,3.611,3.687
C-HiZ_z1_297,3.7084405,1.1125323,164.35343270485086,21.884612353486208,21.884612353486208,160.22561410471042,31.631746703927902,31.631746703927902,160.22561410471042,31.631746703927902,31.631746703927902,63.317317271817515,14.465562121811928,14.465562121811928,2.417,2.711
C-HiZ_z1_314,1.7687768,0.53063303,231.2961428748696,27.953910518376905,27.953910518376905,208.06185601980488,28.121808677702358,28.121808677702358,188.17668348909416,29.0735571896551,29.0735571896551,81.45719888383101,15.695483251559985,15.695483251559985,2.492,2.897
C-HiZ_z1_317,3.9519444,1.1855834,142.79315133064316,19.554793029392386,19.554793029392386,159.36799072471476,26.424812103983815,26.424812103983815,159.36799072471476,26.424812103983815,26.424812103983815,81.15740962167287,15.34356446527338,15.34356446527338,1.121,1.991
C-HiZ_z1_319,7.07452,2.1223562,170.055942479536,37.31419896121147,37.31419896121147,167.64188016534143,52.76560526443829,52.76560526443829,167.64188016534143,52.76560526443829,52.76560526443829,9.303730273390347,13.78203437450364,13.78203437450364,19.65,19.66
C-HiZ_z1_340,2.2292604,0.6687782,173.0594207985065,17.238352313883425,17.238352313883425,195.22685986241922,18.99159664097744,18.99159664097744,175.6777099324026,41.895329723414136,41.895329723414136,49.06344550171747,13.603090567955505,13.603090567955505,3.383,3.994
C-HiZ_z1_90,2.5611658,0.76834977,67.39871731038758,19.381221881441256,19.381221881441256,81.81633824527336,21.84877451383903,21.84877451383903,85.8535552927552,20.761488612079756,20.761488612079756,45.87101564713823,14.428236534656618,14.428236534656618,1.005,1.907
C-zcos_z1_1015,7.291261,2.1873784,173.2119622114421,35.53785826217784,35.53785826217784,245.81892596577944,27.563253232369487,27.563253232369487,230.16178332697385,45.690719163561056,45.690719163561056,30.03436818879332,15.424310778767394,15.424310778767394,8.448,8.514
C-zcos_z1_1021,3.6876013,1.1062804,121.02184434298191,19.93679074088449,19.93679074088449,87.59266848880303,21.275228054153626,21.275228054153626,87.59266848880303,21.275228054153626,21.275228054153626,62.329,13.710237051196453,13.710237051196453,1.403,2.404
C-zcos_z1_156,2.1255233,0.63765705,106.88027878522337,21.406900200733677,21.406900200733677,115.79159512063094,23.029358595360147,23.029358595360147,112.90930092137266,24.235848861670462,24.235848861670462,44.82593000150694,14.962946050160044,14.962946050160044,2.279,2.816
C-zcos_z1_162,5.1750646,1.5525194,114.76341450449587,20.009465745960455,20.009465745960455,148.67768852900065,29.322909583974873,29.322909583974873,113.32248837488864,43.70243535891009,43.70243535891009,44.6487360683368,14.861786332739413,14.861786332739413,2.713,3.438
C-zcos_z1_166,2.7665849,0.8299755,69.33785381411656,19.51366499075054,19.51366499075054,76.23306555810433,19.44092913380634,19.44092913380634,83.39316961458488,24.611682468043444,24.611682468043444,12.746445563371775,13.273243970484382,13.273243970484382,6.624,6.709
C-zcos_z1_189,4.3405485,1.3021647,70.16975294967835,17.72617079810181,17.72617079810181,124.40150071877609,42.37038390504681,42.37038390504681,124.40150071877609,42.37038390504681,42.37038390504681,38.618506871705954,13.453412448148612,13.453412448148612,2.416,3.221
C-zcos_z1_192,3.5357754,1.0607326,93.42240969354243,19.1085198058537,19.1085198058537,115.78576340984357,24.91583434811718,24.91583434811718,128.98598034972133,31.143325695014322,31.143325695014322,27.16382130702527,13.507364121100755,13.507364121100755,6.316,6.321
C-zcos_z1_197,3.6033008,1.0809903,57.05467137341706,18.788922735765333,18.788922735765333,94.7339066584145,25.302795030807903,25.302795030807903,94.7339066584145,25.302795030807903,25.302795030807903,40.61513658723802,14.166562021182132,14.166562021182132,2.057,2.802
C-zcos_z1_198,5.584179,1.6752537,90.95177169108834,17.170778588036125,17.170778588036125,76.13587961333076,16.263028747546443,16.263028747546443,76.13587961333076,16.263028747546443,16.263028747546443,34.602527147594294,13.323817433453522,13.323817433453522,2.28,2.813
C-zcos_z1_2,6.1939964,1.858199,195.441490199318,39.620770229897,39.620770229897,224.43772239177966,40.012651730092564,40.012651730092564,224.43772239177966,40.012651730092564,40.012651730092564,48.593,14.331640241088946,14.331640241088946,5.386,5.415
C-zcos_z1_200,3.176221,0.9528663,90.66291792614481,18.871663773546214,18.871663773546214,64.37217376152964,10.524827967132106,10.524827967132106,70.0380140173237,16.322163079478226,16.322163079478226,14.068,13.080236886234132,13.080236886234132,5.049,6.539
C-zcos_z1_202,3.161079,0.9483237,151.54007470990226,23.383443166639534,23.383443166639534,143.78273425816056,23.29758022745189,23.29758022745189,160.3010373930993,30.745828518609596,30.745828518609596,41.34511919199169,16.397289288171997,16.397289288171997,4.761,4.893
C-zcos_z1_354,2.0538583,0.6161575,78.58910940006976,19.17657951170021,19.17657951170021,79.43165450668482,19.48589061950878,19.48589061950878,88.65721079494503,19.028450419527708,19.028450419527708,43.965,14.032283064419703,14.032283064419703,1.953,2.204
C-zcos_z1_356,2.4829235,0.7448771,64.61979975221084,17.700098128027395,17.700098128027395,66.78979879329117,18.510466326915907,18.510466326915907,75.63826884047863,18.49099981497016,18.49099981497016,25.233,13.054617114262678,13.054617114262678,3.258,3.358
C-zcos_z1_460,5.50943,1.652829,165.750925797679,34.79715118797568,34.79715118797568,194.82748327944697,29.673784605445228,29.673784605445228,239.757741974905,30.786597311519092,30.786597311519092,15.563,14.358510298774034,14.358510298774034,15.345,15.5
C-zcos_z1_472,3.236356,0.97090685,64.67754162642547,16.264729612326008,16.264729612326008,47.91764638923291,16.24009367955174,16.24009367955174,52.267526620696415,21.045894063803253,21.045894063803253,9.465200394075131,13.493249682711722,13.493249682711722,5.52,8.533
C-zcos_z1_493,4.303485,1.2910455,59.40520412956694,17.97678750368301,17.97678750368301,47.162208168967666,14.16645112899771,14.16645112899771,55.11482529005316,14.885001065728138,14.885001065728138,23.64643165469158,13.12712422810114,13.12712422810114,2.302,2.765
C-zcos_z1_593,3.7753708,1.1326113,179.16226108354064,21.80905201172784,21.80905201172784,169.4174137619871,16.480369154818913,16.480369154818913,180.92628996539776,18.39408809540596,18.39408809540596,26.045980735998402,15.685272487272895,15.685272487272895,7.41,7.638
C-zcos_z1_642,3.0503702,0.9151111,96.20673569450402,19.91864805633477,19.91864805633477,97.11465545387698,19.949004342253133,19.949004342253133,98.29426624634611,22.46287689304543,22.46287689304543,52.69970270314625,13.721417073320087,13.721417073320087,1.264,1.931
C-zcos_z1_644,4.3298044,1.2989414,163.1257396648978,24.069376364240444,24.069376364240444,158.08978185332057,22.822827596677378,22.822827596677378,158.08978185332057,22.822827596677378,22.822827596677378,27.081286620099863,13.678710940728296,13.678710940728296,6.709,6.718
C-zcos_z1_659,3.1556273,0.94668823,83.55443635769296,16.531708102640017,16.531708102640017,84.26293573943005,17.22225529252288,17.22225529252288,119.95819814720222,14.08410700979318,14.08410700979318,24.811227720530074,12.923745296933083,12.923745296933083,5.17,5.183
C-zcos_z1_660,5.4115973,1.6234792,98.15905269621648,24.273651335244505,24.273651335244505,118.67193908645898,13.743727416691598,13.743727416691598,155.46356125901144,33.5347665488036,33.5347665488036,2.058169696599384,13.202372097467938,13.202372097467938,76.64,76.765
C-zcos_z1_670,2.6539555,0.7961867,209.57111839249038,37.377122142333135,37.377122142333135,204.89640719752714,38.60612664317974,38.60612664317974,236.6003249200628,66.49681892899217,66.49681892899217,80.08931150908964,17.463078308247947,17.463078308247947,2.62,2.971
C-zcos_z1_673,5.733666,1.7200999,55.94673939726415,18.883293269863678,18.883293269863678,113.19003388030977,26.708109796879533,26.708109796879533,113.19003388030977,26.708109796879533,26.708109796879533,33.74136037565765,13.384864418439209,13.384864418439209,2.74,3.355
C-zcos_z1_675,4.441016,1.332305,201.34544038698684,38.37943933019249,38.37943933019249,233.80970265804703,37.500392530031874,37.500392530031874,242.57196244923776,51.44040750339286,51.44040750339286,70.773,16.095164553368196,16.095164553368196,3.538,3.646
C-zcos_z1_685,3.475418,1.0426255,116.47700706882274,17.58853596017902,17.58853596017902,115.81712690848917,26.159986046953406,26.159986046953406,101.89226661061308,21.913198176375353,21.913198176375353,36.828,13.721530854828115,13.721530854828115,3.012,3.431
C-zcos_z1_690,3.250835,0.9752505,146.5626112255599,27.099131055976912,27.099131055976912,163.75573077223984,30.930420474551514,30.930420474551514,159.72593212083413,46.49632988740319,46.49632988740319,51.929,15.040183841961507,15.040183841961507,3.628,3.709
C-zcos_z1_692,4.1659923,1.2497977,109.53160250151842,20.312540415379765,20.312540415379765,159.96387128902032,22.36039790750746,22.36039790750746,180.49076030548107,16.64213822025699,16.64213822025699,37.736,13.383294811069508,13.383294811069508,5.09,5.098
C-zcos_z1_693,4.155385,1.2466156,86.26605662173107,25.915990383320132,25.915990383320132,102.35905346622891,29.838943857180915,29.838943857180915,128.21755676308172,40.17947383479247,40.17947383479247,6.468,13.1776499042887,13.1776499042887,20.132,20.223
C-zcos_z1_698,3.0274315,0.90822953,140.61380291254116,27.35823366790721,27.35823366790721,130.69399121795718,26.359505068363593,26.359505068363593,122.35090872954164,38.57658088753594,38.57658088753594,19.499596983014804,13.458605685582736,13.458605685582736,9.158,9.162
C-zcos_z1_796,3.3286138,0.99858415,48.35866072453955,13.574476948633468,13.574476948633468,44.05474113752251,7.054631281153611,7.054631281153611,50.709370974323676,14.845262145245169,14.845262145245169,7.326,13.786538361749843,13.786538361749843,6.66,7.102
C-zcos_z1_925,3.7296395,1.118892,142.97602983506854,19.218631173165562,19.218631173165562,143.46184683789838,18.547085155222206,18.547085155222206,154.53273258505342,25.805440701270772,25.805440701270772,11.705,13.442799857172611,13.442799857172611,13.737,13.769
E-zmus_z1_117,2.9573355,0.8872007,62.459492781278875,16.677874480860222,16.677874480860222,61.72436645233601,16.421254488689854,16.421254488689854,74.12055557134404,13.772337354058216,13.772337354058216,22.625191358306783,13.831637213287514,13.831637213287514,3.77,3.775
E-zmus_z1_119,4.19094,1.257282,184.64982211358227,24.25334601149448,24.25334601149448,172.20683540764514,23.7273802697201,23.7273802697201,183.91007968825826,31.080991496187547,31.080991496187547,53.657,14.719967017626093,14.719967017626093,3.263,3.588
E-zmus_z1_12,3.91059,1.173177,191.9154723878969,26.435281801763804,26.435281801763804,215.76333559256386,21.82128094029993,21.82128094029993,228.6645706194184,30.700394265610065,30.700394265610065,57.50311300268882,13.831262632167752,13.831262632167752,4.051,4.089
E-zmus_z1_122,4.9662123,1.4898638,106.92433072825168,24.984200283279677,24.984200283279677,108.88640040215044,25.64352911070437,25.64352911070437,108.88640040215044,25.64352911070437,25.64352911070437,45.56585762388326,15.18127740013995,15.18127740013995,2.178,2.652
E-zmus_z1_125,2.5132022,0.75396067,140.31023290166925,34.82246645798734,34.82246645798734,146.9842367158057,23.864843522992683,23.864843522992683,144.70255029443027,24.888344044017607,24.888344044017607,33.09479703065121,14.043543534307856,14.043543534307856,4.11,4.516
E-zmus_z1_127,4.0246596,1.2073978,57.378052971112446,17.535919858981966,17.535919858981966,79.29482343658306,18.476959559225197,18.476959559225197,79.29482343658306,18.476959559225197,18.476959559225197,33.359,13.374863326404498,13.374863326404498,1.694,2.383
E-zmus_z1_146,3.146733,0.9440199,136.54664923083195,24.843296447239048,24.843296447239048,149.7147594170812,23.20906832723366,23.20906832723366,140.77678085702257,33.636799640101565,33.636799640101565,27.109356115555386,14.426067430176527,14.426067430176527,5.492,5.646
E-zmus_z1_166,2.4559138,0.73677415,146.02240711737696,22.497000318289228,22.497000318289228,143.42844508670268,27.57309550496734,27.57309550496734,147.3699332376143,27.775073500301712,27.775073500301712,51.1884407654697,12.954303879406257,12.954303879406257,3.06,3.253
E-zmus_z1_176,3.3691907,1.0107572,125.29266759017665,19.854864449218333,19.854864449218333,125.81899848413902,26.237898959761324,26.237898959761324,103.69958746225542,25.045263976751393,25.045263976751393,34.899450081627364,13.22612859078574,13.22612859078574,3.006,3.71
E-zmus_z1_189,3.1578732,0.947362,87.40372592606808,20.504717937783443,20.504717937783443,96.3506529983742,20.139345201841806,20.139345201841806,98.94111711009361,19.931692318759477,19.931692318759477,34.885,13.92755488231872,13.92755488231872,2.962,3.061
E-zmus_z1_207,4.284553,1.2853659,66.54820248334427,18.79812453709365,18.79812453709365,109.70399705839591,25.32577819601609,25.32577819601609,113.17796789452353,35.76590351079988,35.76590351079988,12.038,14.029912366084115,14.029912366084115,11.103,11.14
E-zmus_z1_208,1.635211,0.49056333,81.38129056080807,17.058181165088875,17.058181165088875,108.29018577188114,19.3186422718268,19.3186422718268,95.09138039181185,19.68410375003658,19.68410375003658,44.910929271169614,14.009632471981556,14.009632471981556,1.608,2.414
E-zmus_z1_21,3.1547704,0.9464311,106.38204997265038,24.315138807541995,24.315138807541995,111.27273487571998,25.396862605910602,25.396862605910602,141.5967962809692,40.561108257365156,40.561108257365156,19.22445385440117,13.692423068982349,13.692423068982349,7.489,7.524
E-zmus_z1_219,3.3533795,1.0060139,161.60339723909607,16.744805326545308,16.744805326545308,166.50038054677972,25.609658962450673,25.609658962450673,174.3555999493377,40.90876320622521,40.90876320622521,33.13750045643153,15.769675567366628,15.769675567366628,5.057,5.328
E-zmus_z1_24,3.9,1.1700001,159.0437352414636,25.589514353158396,25.589514353158396,139.37044474472566,20.54820954284617,20.54820954284617,139.67576854212876,28.19104890332127,28.19104890332127,58.177,14.094952323438344,14.094952323438344,2.293,2.755
E-zmus_z1_35,3.724687,1.1174061,157.17342148878512,23.87749698134653,23.87749698134653,195.84010648451383,19.687730862834513,19.687730862834513,219.69364593779792,24.715480873584397,24.715480873584397,23.590392663116056,14.045119686211294,14.045119686211294,11.436,11.448
E-zmus_z1_55,3.5452166,1.063565,108.11179467403333,19.883961562262478,19.883961562262478,124.75045413119142,14.881894966123186,14.881894966123186,136.69341146295764,16.82951098966889,16.82951098966889,24.615599220819306,13.631644985107261,13.631644985107261,5.964,6.16
E-zmus_z1_70,2.591769,0.7775307,36.432957769092525,15.87630634923618,15.87630634923618,71.03375646964165,19.62618893516239,19.62618893516239,68.50273116669294,18.216427801601355,18.216427801601355,18.929,13.62145282266176,13.62145282266176,3.145,4.232
E-zmus_z1_86,2.1174657,0.6352398,98.82743851600179,19.486979107728683,19.486979107728683,95.94680132383303,21.883174540643978,21.883174540643978,104.54870867635582,22.94803841696492,22.94803841696492,34.147,14.855258799495887,14.855258799495887,2.834,3.2
E-zmus_z1_97,2.8215117,0.8464536,119.57922102958271,18.54370511456789,18.54370511456789,132.54345874405942,24.419509510621744,24.419509510621744,117.71785453436458,23.800850066168575,23.800850066168575,57.20135026815363,14.597614993552884,14.597614993552884,1.927,2.335
E-zmvvd_z1_19,4.895118,1.4685354,82.47845221881748,19.58235278441249,19.58235278441249,96.56680940393574,15.929288101023362,15.929288101023362,96.56680940393574,15.929288101023362,15.929288101023362,31.101772843360553,12.990879300493866,12.990879300493866,3.225,3.291
E-zmvvd_z1_58,1.2108119,0.36324358,107.11601588806228,23.65664810009722,23.65664810009722,108.10037791582457,23.317773448525237,23.317773448525237,109.46652656663346,22.847465640034486,22.847465640034486,42.83886247322634,14.149175205643614,14.149175205643614,2.1,2.58
E-zmvvd_z1_73,4.6029487,1.3808848,206.24911565767587,30.019019699582024,30.019019699582024,207.79604692855858,41.46817612027052,41.46817612027052,241.91476345121922,50.460377324009016,50.460377324009016,84.593,18.306994564919716,18.306994564919716,2.78,2.955
E-zmvvd_z1_77,3.148276,0.94448286,70.40127887228152,18.759183355520957,18.759183355520957,78.5141861271132,16.593251558595234,16.593251558595234,73.40749283611126,23.394900344625665,23.394900344625665,9.451,13.932832016499733,13.932832016499733,9.07,9.313
E-zmvvd_z1_83,1.4549465,0.43648398,76.30529015519924,23.700986528818408,23.700986528818408,76.63057259336426,23.00851117377717,23.00851117377717,77.09719791291553,22.015138965765235,22.015138965765235,41.85042824751021,14.916313954861636,14.916313954861636,1.161,1.852
S-CFHIZELS-SM14-104965,2.9492457,1.3595351,139.53656275121295,17.276804971634302,17.276804971634302,148.4387625325505,36.00543554816028,36.00543554816028,157.63419841540787,27.998673739030703,27.998673739030703,8.604194616580916,13.65238678766464,13.65238678766464,17.834,18.594
S-CFHIZELS-SM14-107086,3.730886,1.7198534,72.28865879331997,19.366442873474337,19.366442873474337,70.25569664450586,19.756076907357848,19.756076907357848,67.3357454829465,15.003343884256394,15.003343884256394,32.398,14.308310766823594,14.308310766823594,1.985,2.288
S-CFHIZELS-SM14-117442,2.0932713,0.9649504,55.17092761862841,17.63922644566881,17.63922644566881,57.01129076312496,15.128639053259413,15.128639053259413,59.97181349064532,14.392978167847984,14.392978167847984,21.372,14.050937762298998,14.050937762298998,3.572,3.626
S-CFHIZELS-SM14-118544,2.9401493,1.3553419,122.24244638445239,20.40634501568311,20.40634501568311,106.34560565127923,19.188286932072057,19.188286932072057,108.9339377120676,19.990112613539853,19.990112613539853,46.626222841873,14.006899888983286,14.006899888983286,2.355,2.634
S-CFHIZELS-SM14-138499,2.1297607,0.98177123,105.3777095733754,19.78389194542459,19.78389194542459,121.32207120691757,21.989734569230595,21.989734569230595,133.54126486384246,21.217946950438424,21.217946950438424,56.94569491190708,14.825683205167985,14.825683205167985,2.752,2.768
S-CFHIZELS-SM14-139428,3.7371938,1.7227613,83.51613084452197,20.097900537990697,20.097900537990697,92.22230851248617,19.688677677603646,19.688677677603646,86.72042487030379,19.08730111359047,19.08730111359047,42.115,14.014802638638907,14.014802638638907,1.101,2.192
S-CFHIZELS-SM14-145965,4.7825093,2.869506,160.3161665945132,23.531743332239724,23.531743332239724,208.40753202299112,39.48265132394429,39.48265132394429,230.8115207841643,22.7571934746736,22.7571934746736,51.731,14.586203070024768,14.586203070024768,4.559,4.615
S-CFHIZELS-SM14-148830,2.1080093,0.9717443,110.84751291141959,24.248993551881608,24.248993551881608,139.95384259684988,24.15112529568284,24.15112529568284,145.91260951992012,20.857250315361913,20.857250315361913,39.946,14.511355622408265,14.511355622408265,4.893,4.898
S-CFHIZELS-SM14-159913,2.9499652,1.7699791,91.64445493241533,17.65986470505537,17.65986470505537,106.99786776869396,26.511459429198794,26.511459429198794,141.67400938780057,15.868029870512167,15.868029870512167,31.207,14.279832281928243,14.279832281928243,5.884,5.89
S-CFHIZELS-SM14-164290,2.7790155,0.0,100.51807300768145,21.851880521751223,21.851880521751223,108.78578667435119,17.959677803531033,17.959677803531033,117.82958582565685,30.851547473929248,30.851547473929248,51.45338770188023,13.951935546726125,13.951935546726125,2.275,2.318
S-CFHIZELS-SM14-216212,2.7626717,0.0,35.27819636904483,16.08811637734889,16.08811637734889,37.91440642676933,17.9454156368927,17.9454156368927,50.038634131533996,19.588879082734667,19.588879082734667,18.00452012690147,14.321337594652253,14.321337594652253,1.712,3.518
S-CFHIZELS-SM14-228100,2.1381419,1.2828851,68.45185000516899,19.20895801229447,19.20895801229447,65.52803838135662,19.485463677377485,19.485463677377485,59.23713769629163,15.507009856912026,15.507009856912026,12.781,13.793418901780662,13.793418901780662,3.965,5.436
S-CFHT-NBJ-2048,2.6084435,1.5650661,71.08946652798217,20.97036829425896,20.97036829425896,64.52952426574691,20.601609583800002,20.601609583800002,53.03045804554093,18.892449883285867,18.892449883285867,36.972,14.098174704549521,14.098174704549521,0.876,2.232
S-NBJ-CFHT-1739,2.082567,0.960016,189.95201703236953,56.20081435396905,56.20081435396905,199.21316193533085,35.56406659986317,35.56406659986317,221.48150752753307,42.534333729740666,42.534333729740666,7.355,14.579127614504236,14.579127614504236,42.252,42.252
S-NBJ-CFHT-1745,2.1171663,0.9759654,127.56135186250933,16.80114332732146,16.80114332732146,136.26418426511358,19.067093724822485,19.067093724822485,136.0871660539408,20.309389503225045,20.309389503225045,14.511383066406868,14.285127563308633,14.285127563308633,12.46,12.492
S-NBJ-CFHT-1759,3.1302242,1.8781346,296.3145474260102,42.15168081852534,42.15168081852534,336.3925063968792,42.785329179790914,42.785329179790914,349.3367389867691,43.60586646286165,43.60586646286165,13.991477012810334,14.678829687682871,14.678829687682871,26.644,26.645
S-NBJ-CFHT-1770,2.0013447,0.9225744,52.704710224169055,18.03552207505409,18.03552207505409,71.33672729165805,20.175658461440644,20.175658461440644,81.52711143725647,22.835884754075064,22.835884754075064,28.087097482652066,14.879989012092716,14.879989012092716,3.542,3.554
S-NBJ-CFHT-1774,2.7643955,0.0,98.09883912800967,21.879525232716595,21.879525232716595,89.65842205310608,21.715008211847657,21.715008211847657,82.46957310690772,20.478513817069672,20.478513817069672,49.311248665999116,14.130741700278865,14.130741700278865,1.02,2.114
S-NBJ-CFHT-1787,3.762009,1.7342005,211.24769157428148,53.68103995596239,53.68103995596239,208.62643488889898,42.10579369613049,42.10579369613049,217.97484271237758,47.7307563428892,47.7307563428892,13.735,14.38757967831977,14.38757967831977,15.953,16.152
S-NBJ-CFHT-1793,4.528201,2.0873976,105.7072750729931,23.16538420610916,23.16538420610916,77.46850462796502,16.607235641782648,16.607235641782648,77.46850462796502,16.607235641782648,16.607235641782648,48.68160869363295,14.634383724639722,14.634383724639722,1.115,2.184
S-NBJ-CFHT-1795,7.21296,4.327776,71.71058772283193,21.35422854251933,21.35422854251933,46.32623995273438,17.842118051866862,17.842118051866862,46.32623995273438,17.842118051866862,17.842118051866862,30.683881583007064,14.365991438115227,14.365991438115227,1.784,2.853
S-NBJ-CFHT-C343,2.0962715,0.96633345,99.62621942372733,29.945791540706562,29.945791540706562,109.84801239023324,36.03529206110078,36.03529206110078,147.6022098236653,38.460299654342016,38.460299654342016,29.318,14.12616568641328,14.12616568641328,5.112,5.338
S-zvipe_z1_1056,3.0692112,1.4148365,125.12413048678016,16.537881070770172,16.537881070770172,143.7102444192314,24.46494157447827,24.46494157447827,139.65157508766237,25.042870807255312,25.042870807255312,44.547239673182894,13.631410968788229,13.631410968788229,3.472,3.574
S-zvipe_z1_1066,1.2744509,0.5874928,158.77078861897766,17.116749932546256,17.116749932546256,156.16292221109373,21.43089010031773,21.43089010031773,153.28769438025466,26.187320812802824,26.187320812802824,47.004,14.47991747214051,14.47991747214051,3.966,4.23
S-zvipe_z1_1069,2.111762,0.97347414,196.27631039566202,28.796947013876743,28.796947013876743,187.70789845172197,31.669762882086914,31.669762882086914,193.78210216693256,36.968906677613056,36.968906677613056,44.04279176550914,14.351677950678798,14.351677950678798,5.337,5.572
S-zvipe_z1_1070,5.798157,3.4788947,113.56476732053812,23.983584284501312,23.983584284501312,149.84306818525667,44.10777763606678,44.10777763606678,149.84306818525667,44.10777763606678,44.10777763606678,38.979,14.344443418968895,14.344443418968895,3.946,3.951
S-zvipe_z1_1172,3.7403374,1.7242104,90.86566664459478,22.060470432245623,22.060470432245623,82.20101966413743,21.192552537146835,21.192552537146835,72.08830935696979,20.990002830524837,20.990002830524837,29.919690924205753,14.119628483072777,14.119628483072777,3.117,3.162
S-zvipe_z1_1304,1.2737037,0.58714837,112.12041000292163,20.08965112879104,20.08965112879104,108.8766498777065,19.385709600534813,19.385709600534813,104.34869193025582,18.403079099397818,18.403079099397818,36.073,12.92495152795553,12.92495152795553,3.996,3.998
S-zvipe_z1_1315,2.99501,1.3806314,144.042678511295,19.12840393679866,19.12840393679866,176.178972726422,19.577392972321476,19.577392972321476,164.87700494390722,21.80724067641718,21.80724067641718,29.854,14.295478236141664,14.295478236141664,5.635,5.903
S-zvipe_z1_1318,3.1471405,0.0,98.17281079157063,21.106520730002,21.106520730002,91.73154717669097,20.40055263153253,20.40055263153253,124.44354349620257,21.58612890763962,21.58612890763962,43.22722762912283,13.239543477778984,13.239543477778984,2.28,3.027
S-zvipe_z1_1322,2.5947118,1.5568272,55.88733672552243,17.749177062821232,17.749177062821232,65.43656290756718,13.032180027154741,13.032180027154741,81.13658680535404,12.62975678954639,12.62975678954639,18.26288582070205,13.819011433528809,13.819011433528809,5.06,5.238
S-zvipe_z1_1530,2.990567,1.3785833,38.526445562621966,19.560907964015602,19.560907964015602,51.1913419714592,19.037422427468776,19.037422427468776,50.719582742592685,19.11042263494147,19.11042263494147,25.28753243201084,14.065745305528607,14.065745305528607,1.292,2.076
S-zvipe_z1_1531,1.214008,0.55963004,85.78464343507844,9.79191771805549,9.79191771805549,84.12070310635805,13.863989338712477,13.863989338712477,82.33177693309501,18.241932090540022,18.241932090540022,23.56,12.966076391877381,12.966076391877381,3.286,3.641
S-zvipe_z1_1532,2.934177,0.0,62.49591698143319,20.09113158734142,20.09113158734142,57.051231709637996,20.613340962442077,20.613340962442077,58.5113800013652,19.927473313817902,19.927473313817902,33.64,13.669085265664268,13.669085265664268,1.021,2.097
S-zvipe_z1_1538,2.8297935,1.6978761,74.97755361492496,20.118460014777508,20.118460014777508,102.2772097873722,23.59270435362987,23.59270435362987,127.27416631246682,23.224883304060935,23.224883304060935,34.56232607912841,13.79097231887585,13.79097231887585,3.931,3.938
S-zvipe_z1_1540,2.2117953,1.0195873,74.41597692941708,20.691084770408313,20.691084770408313,103.95914497067768,21.15283325476095,21.15283325476095,137.20614834965514,27.040773304407026,27.040773304407026,45.077,16.451225607838463,16.451225607838463,2.519,3.054
S-zvipe_z1_1542,2.112905,0.9740011,173.86584033933013,19.500589660016416,19.500589660016416,170.6511833133707,26.37956492086004,26.37956492086004,158.72595076291825,27.203808392508286,27.203808392508286,62.57718280651502,15.172780051790113,15.172780051790113,2.717,2.932
S-zvipe_z1_1543,2.1840549,1.0067996,106.2774801469225,21.188206091916754,21.188206091916754,115.71925922168393,21.71249296243027,21.71249296243027,118.45245543964961,23.91825538506751,23.91825538506751,63.629006160712585,14.227210812383431,14.227210812383431,1.408,1.942
S-zvipe_z1_1577,2.1835556,1.0065694,92.89075672388296,13.927497616576414,13.927497616576414,117.61895409087232,21.30066133316164,21.30066133316164,138.5069669435718,31.159216414820765,31.159216414820765,14.117900782340127,14.038951652456104,14.038951652456104,13.434,13.451
S-zvipe_z1_1580,2.4587634,1.4752581,104.35394552272693,19.373707800220817,19.373707800220817,94.42595259489329,15.884487588790087,15.884487588790087,95.53045216391574,19.77799576527907,19.77799576527907,35.70151465974518,13.677232285809874,13.677232285809874,2.544,3.325
S-zvipe_z1_1991,3.542403,2.125442,161.1364793127179,24.512441569127233,24.512441569127233,154.52018855291035,24.771742928676495,24.771742928676495,127.09537701003185,15.06535062902921,15.06535062902921,29.389294590037373,15.979855693966702,15.979855693966702,5.447,5.511
S-zvipe_z1_2064,2.2665305,1.044819,155.3084962692842,19.997396269471732,19.997396269471732,153.4815938263506,19.687655236219005,19.687655236219005,150.51519737960467,20.26358149641609,20.26358149641609,83.565,13.74908927893044,13.74908927893044,1.013,1.868
S-zvipe_z1_2597,5.341929,3.2051578,106.72236052418134,21.07655882923409,21.07655882923409,98.91834041724597,22.280839814183878,22.280839814183878,98.91834041724597,22.280839814183878,22.280839814183878,37.565135198745125,13.773027971364902,13.773027971364902,3.792,3.82
S-zvipe_z1_2603,2.123207,0.97875017,78.84167947451071,19.925249956995685,19.925249956995685,69.68946513887317,20.632233928984363,20.632233928984363,60.5455350777561,21.342818258626117,21.342818258626117,36.74093003722143,13.871631753330245,13.871631753330245,1.368,2.166
S-zvipe_z1_2740,1.2762972,0.76577836,105.56939342235975,34.15274083081114,34.15274083081114,104.52860362804986,29.956821628774467,29.956821628774467,103.32126258861817,25.08945505921907,25.08945505921907,23.89,14.02891460520022,14.02891460520022,5.97,5.986
S-zvipe_z1_3488,1.2687074,0.5848452,180.42765079281943,39.20141975819501,39.20141975819501,163.76946274746078,36.930305218087724,36.930305218087724,140.3921188715844,33.7431263099721,33.7431263099721,6.765,13.082367064105792,13.082367064105792,28.328,28.372
S-zvipe_z1_3500,1.2165413,0.7299248,38.52049573429856,10.086969217944795,10.086969217944795,37.08811507114116,10.856619850126242,10.856619850126242,35.09778018504555,11.926071946721567,11.926071946721567,6.519392379662387,13.96664018295023,13.96664018295023,6.026,6.483
S-zvipe_z1_817,3.5207057,2.1124234,30.241777149001692,13.97697657779288,13.97697657779288,30.238360880512502,11.941131466474802,11.941131466474802,30.238360880512502,11.941131466474802,11.941131466474802,11.026505566134723,13.374318917238364,13.374318917238364,2.897,5.489
S-zvipe_z1_819,3.301965,1.981179,48.16210501526557,3.4393754282646576,3.4393754282646576,48.09855492258108,10.228874166303058,10.228874166303058,48.09855492258108,10.228874166303058,10.228874166303058,22.606,13.337323344659529,13.337323344659529,2.166,4.212
S-zvvd_z1_186,3.8056493,1.7543176,114.20106094296607,17.987321038086016,17.987321038086016,117.68000923771403,22.46389457750155,22.46389457750155,143.51088444030432,25.69150107444291,25.69150107444291,45.642383576014076,14.308454493759974,14.308454493759974,3.09,3.271
S-zvvd_z1_206,5.2066064,2.400127,120.0557915042186,21.238231987546765,21.238231987546765,91.54644552689375,22.392998237276046,22.392998237276046,91.54644552689375,22.392998237276046,22.392998237276046,60.916,14.111782382108931,14.111782382108931,1.179,1.981
S-zvvd_z1_450,6.1531253,2.8364508,84.86361829037945,20.13701473152339,20.13701473152339,66.20318225968336,19.865291450246012,19.865291450246012,66.20318225968336,19.865291450246012,19.865291450246012,43.85448685140438,14.158409762399167,14.158409762399167,1.524,2.091
S-zvvd_z1_475,3.2928438,1.517926,94.84465408376079,19.43023709456131,19.43023709456131,97.099358014386,17.744486363645745,17.744486363645745,97.04418058451927,26.894425392488756,26.894425392488756,30.2201539787606,14.085896616829187,14.085896616829187,3.526,3.551
U-HiZ_z1_132,2.4271846,0.94784594,101.83325655662563,17.521317897584,17.521317897584,81.06772509448612,18.219514404293236,18.219514404293236,65.34578417554972,16.068354551885914,16.068354551885914,28.637446333428546,13.5893792720639,13.5893792720639,3.375,3.935
U-HiZ_z1_139,1.8334421,0.715982,127.11288288484087,16.48524635676621,16.48524635676621,129.87325639590566,21.623756979042735,21.623756979042735,129.9865729662075,25.701234265413994,25.701234265413994,55.273372454555364,15.00284989593644,15.00284989593644,1.669,2.389
U-HiZ_z1_204,1.8285182,0.7140592,154.4599326306971,18.38303619640831,18.38303619640831,147.96952844462,20.034159552237917,20.034159552237917,141.1793017190145,21.840584713959505,21.840584713959505,60.058,13.910847565838683,13.910847565838683,2.213,2.577
U-HiZ_z1_205,2.4331105,0.9501601,161.63754870631922,43.993135028291334,43.993135028291334,183.2250890487384,29.473099816000122,29.473099816000122,193.38194637298955,44.750709982807315,44.750709982807315,2.484,15.512508565670478,15.512508565670478,91.699,91.713
U-HiZ_z1_208,4.9710264,1.941248,141.53771056409565,20.486528540467248,20.486528540467248,166.46642645806233,27.21274784595863,27.21274784595863,193.69789009889485,40.19440198731573,40.19440198731573,60.443,14.958111678951994,14.958111678951994,3.362,3.374
U-HiZ_z1_31,2.957641,1.1549958,84.06003943025051,20.158145073345775,20.158145073345775,103.58302345596033,18.94392536219722,18.94392536219722,123.90507976697445,20.344400650093124,20.344400650093124,41.73663853857902,14.08670880653107,14.08670880653107,3.712,4.038
U-HiZ_z1_44,3.4721093,1.3559021,94.277490189733,24.850686624061094,24.850686624061094,192.36562809600562,40.72994937185916,40.72994937185916,244.72903217271417,46.77499568664996,46.77499568664996,12.913,14.85489925916699,14.85489925916699,22.85,22.856
U-HiZ_z1_84,2.1870446,0.0,49.63878139049716,13.148000394120773,13.148000394120773,46.011512959217335,9.142797627283313,9.142797627283313,47.654090733664184,10.055265847847393,10.055265847847393,10.389,14.059189521448241,14.059189521448241,4.44,5.034
U-HiZ_z1_96,1.748568,1.0491409,281.844114520969,18.64492795508089,18.64492795508089,294.7784660379002,28.208353843206794,28.208353843206794,302.1340542845088,46.4233126374266,46.4233126374266,47.886,16.178270024943952,16.178270024943952,6.975,7.107
U-zuds_z1_100,2.1460745,0.0,81.00339962439251,20.33645810341078,20.33645810341078,90.34087682560546,21.48192112766519,21.48192112766519,90.35794537113263,23.326589100049713,23.326589100049713,54.04,14.181733603477397,14.181733603477397,0.776,1.925
U-zuds_z1_113,2.3846338,0.0,76.28521264007469,20.81518543896911,20.81518543896911,80.0457082406997,20.084509478996978,20.084509478996978,84.03650718180839,19.30908486558546,19.30908486558546,46.49604681045476,13.919757074029704,13.919757074029704,0.959,2.229
U-zuds_z1_118,3.3151658,1.9890995,225.9471148896888,46.099042632380424,46.099042632380424,160.5091207736113,40.454313757677916,40.454313757677916,160.5091207736113,40.454313757677916,40.454313757677916,25.907,14.430832027294892,14.430832027294892,9.325,9.328
U-zuds_z1_139,1.9598911,0.76536196,111.38657487313367,22.248082197333176,22.248082197333176,108.01387880865357,17.885028641152733,17.885028641152733,127.86873120460172,19.768799831867774,19.768799831867774,36.12255725305173,13.466514712426523,13.466514712426523,4.94,4.956
U-zuds_z1_147,3.6747413,1.4350324,109.75855322359635,32.81809821388992,32.81809821388992,147.07055285876632,41.74748526042414,41.74748526042414,161.17129745424654,47.92858046359207,47.92858046359207,5.342,13.497620086518957,13.497620086518957,58.513,58.591
U-zuds_z1_188,3.2073195,0.9621959,72.84891294645186,17.35252166793261,17.35252166793261,93.43557628172218,19.856511825322247,19.856511825322247,73.46170777458553,19.600373535264712,19.600373535264712,12.202,13.483972745448575,13.483972745448575,9.145,9.162
U-zuds_z1_220,5.226306,3.1357837,78.68110801790874,16.849789754712774,16.849789754712774,69.08611225921713,20.48600114510056,20.48600114510056,63.84170159159511,21.804207962250217,21.804207962250217,23.065815149263642,13.50632398175018,13.50632398175018,2.809,3.546
U-zudsp_z1_115,1.800763,0.7032204,145.29232825204568,19.689017726158,19.689017726158,170.75075854255675,22.849347390147226,22.849347390147226,173.34587967994898,21.82929650377679,21.82929650377679,55.4920097176161,15.66439955759556,15.66439955759556,3.036,3.265
U-zudsp_z1_120,1.2405124,0.74430746,227.84807694863036,15.642720096412027,15.642720096412027,224.56710277503484,25.410547772121568,25.410547772121568,219.4510386644194,40.64164377176174,40.64164377176174,24.334,15.383815131494528,15.383815131494528,9.359,9.363
U-zudsp_z1_55,2.380947,0.7142841,89.17188760536716,19.64082262536532,19.64082262536532,98.55849870588197,20.109057322587716,20.109057322587716,85.23528768018083,18.768964566502927,18.768964566502927,5.54,12.87928402513121,12.87928402513121,14.986,18.315
U-zudsp_z1_79,3.5072389,2.1043434,74.50065914950547,20.896768699254128,20.896768699254128,70.09477272230065,20.163463349498706,20.163463349498706,56.51946937086566,15.182796782321088,15.182796782321088,39.605,13.84922705424386,13.84922705424386,1.402,2.002
U-zvipe_z1_1081,7.7281384,3.0179346,39.65701255882128,13.449903945642042,13.449903945642042,40.37367531100244,17.385302142711957,17.385302142711957,40.37367531100244,17.385302142711957,17.385302142711957,14.929739883869377,13.657373393152872,13.657373393152872,2.54,3.965
U-zvipe_z1_1821,3.5039103,1.3683208,136.23875738648442,25.410772940991425,25.410772940991425,137.28362856875745,23.851401625804186,23.851401625804186,139.9487713467119,22.806218814749784,22.806218814749784,46.3540500172315,15.539516884382218,15.539516884382218,3.801,3.875
U-zvipe_z1_1838,3.825385,1.4938607,124.29365525243247,19.246527434647447,19.246527434647447,104.85615512359439,18.08106206069908,18.08106206069908,80.42800109182397,20.214257556500886,20.214257556500886,45.247,14.155589885271471,14.155589885271471,2.235,3.401
U-zvipe_z1_247,3.488066,1.3621334,106.5985299417811,20.54788865055199,20.54788865055199,96.19649668511133,19.58697704426419,19.58697704426419,138.18016954546357,32.17291370660427,32.17291370660427,39.583,13.892540048529643,13.892540048529643,3.278,3.754
U-zvipe_z1_249,1.924246,0.7514421,186.8243747811094,21.4968004749548,21.4968004749548,196.6402619550649,29.551339710974002,29.551339710974002,207.53966332440783,38.49496899508261,38.49496899508261,37.401,17.191180064207344,17.191180064207344,7.146,7.17
U-zvipe_z1_251,1.8301002,0.714677,109.58487230663133,19.17023603867221,19.17023603867221,106.77449532589422,19.786164006764547,19.786164006764547,106.94262611158669,20.087772070702957,20.087772070702957,52.914301587567046,14.0891401440968,14.0891401440968,1.995,2.228
U-zvipe_z1_4550,1.9356444,0.7558933,94.77695284913898,20.48721147974717,20.48721147974717,91.25545379476897,19.838274283018137,19.838274283018137,85.81977704939283,18.836594948448326,18.836594948448326,5.24,13.83127416400962,13.83127416400962,38.043,38.064
U-zvipe_z1_4553,2.6497772,1.0347711,137.72610078966702,22.933642914679904,22.933642914679904,141.6271625676832,27.8832973725578,27.8832973725578,148.7240647909551,36.471939357170136,36.471939357170136,20.644,14.026211462829156,14.026211462829156,7.717,7.873
U-zvipe_z1_4555,1.2161971,0.47494018,166.57318260421258,21.054010727938245,21.054010727938245,147.55561991410553,20.736132066858325,20.736132066858325,126.95760783616221,20.391836185890842,20.391836185890842,55.067090798406994,13.301213064980203,13.301213064980203,2.589,3.025
U-zvipe_z1_4563,5.3542953,2.0909193,108.11479388184614,20.162926069117955,20.162926069117955,126.51943168381915,18.207988542981195,18.207988542981195,142.80281534081624,15.706414977468913,15.706414977468913,41.481,14.212150189186715,14.212150189186715,3.498,3.517
U-zvipe_z1_4742,2.9701536,1.1598821,93.30324701836845,20.959032228676687,20.959032228676687,104.19976517892097,18.794661285072053,18.794661285072053,114.8563891941507,18.118122717369676,18.118122717369676,11.183,14.357838451521873,14.357838451521873,12.512,12.523
U-zvipe_z1_4766,3.180804,0.9542412,83.95037524818059,16.38335051159018,16.38335051159018,75.01745744648949,15.646354310325123,15.646354310325123,89.00907019743912,26.927791944083605,26.927791944083605,10.74,14.156319578195456,14.156319578195456,9.226,9.277
U-zvipe_z1_4773,1.6582869,0.4974861,129.06438695433243,21.9603844894226,21.9603844894226,125.43975598425212,21.672933483623602,21.672933483623602,121.50851910372585,21.36116712598076,21.36116712598076,6.712427169064854,15.491506092049281,15.491506092049281,19.027,19.228
U-zvipe_z1_4774,2.7743428,0.83230287,63.598205376278436,16.292521223306057,16.292521223306057,60.473885081394194,11.856010064901579,11.856010064901579,59.56863033863841,11.217860478614675,11.217860478614675,14.762,12.896590324578044,12.896590324578044,4.279,4.495
U-zvipe_z1_4777,3.2386749,1.264743,86.1235994615648,17.02824188250439,17.02824188250439,118.83500934936077,18.729887504757087,18.729887504757087,141.25204897249864,27.681521134482235,27.681521134482235,37.761,13.386204727255594,13.386204727255594,4.827,4.834
U-zvipe_z1_4780,3.1073668,1.2134656,140.01919474665854,16.350768508675635,16.350768508675635,153.57849299336843,23.455358354166506,23.455358354166506,171.53950599362852,18.278436079134725,18.278436079134725,35.588,13.570829009312584,13.570829009312584,5.429,5.482
U-zvipe_z1_4857,3.7270985,2.2362592,97.68648294702544,20.406052595884066,20.406052595884066,113.75163468844767,24.026593863526248,24.026593863526248,137.5515906500519,31.872876234337653,31.872876234337653,34.83871737019031,13.391948084576791,13.391948084576791,4.447,4.448
U-zvipe_z1_4958,1.7474563,0.6824035,141.05572407401473,20.312824046954752,20.312824046954752,151.1614076345178,22.74818751853648,22.74818751853648,148.88479592551954,26.386773422157397,26.386773422157397,56.2584362829256,17.4411198178328,17.4411198178328,3.34,3.6
U-zvipe_z1_5083,4.716829,1.8419807,103.71193944807132,21.112232066824767,21.112232066824767,123.79953909213684,21.21978897208666,21.21978897208666,147.07324828441216,24.47406024623356,24.47406024623356,36.465,18.10970905343319,18.10970905343319,3.906,4.034
U-zvipe_z1_5101,5.7033997,2.227249,94.98333100609172,16.639750236182415,16.639750236182415,95.48131968553614,17.68706164373595,17.68706164373595,108.07994496677546,23.245147098435957,23.245147098435957,30.664044090758804,13.762569327709127,13.762569327709127,3.403,3.671
