Name,log(Rgas_lerr),log(Rgas),log(Rgas_uerr),Re,Re_err,Mstar,Mstar_err,MH2,MH2_err,MHI,MHI_err,Mgas,Mgas_err,Mbar,Mbar_err,VRout,VRout_err,Rgas,Rgas_err
COS4_04519,0.013139167,0.425964757,0.013034156,2.442066731,0.067600463,40738027780,4073802778,68225224149,6796393210,8353049494,922457592.3,79334779977,6906241179,1.20E+11,89182925616,175.5497546,47.51471237,2.666642256,1.030591757
COS4_05656,0.004766286,0.398394352,0.004737797,2.384789229,0.023153293,47863009232,4786300923,51158760956,4390936678,6927585046,666830173.8,60372449067,4479608060,1.08E+11,77043495891,260.4191766,43.88058794,2.502616781,1.011002063
COS4_06487,0.019198502,0.535477083,0.019489629,4.00614663,0.0321134,75857757503,7585775750,63249759757,5403510410,8290628728,791251664.1,74276295965,5505033719,1.50E+11,1.06E+11,490.4689401,76.9281883,3.431445324,1.045548276
COS4_07901,0.022590105,0.877313681,0.02333275,5.513158982,0.111376949,6606934480,660693448,8257405351,663114610.4,1221594387,111269593.2,9882125886,679427406.1,16489060367,11887303953,53.85812695,19.85025866,7.538998916,1.054293639
COS4_08775,0.05825492,1.072503944,0.066679638,3.633863604,0.084903355,22387211386,2238721139,34308457763,3349831884,4326380616,469818191.6,40062543982,3407612275,62449755368,45893296504,92.85369082,29.284507,11.81691043,1.1547493
COS4_10344,0.017449073,0.473717528,0.018256961,2.370942994,0.086847729,9120108394,912010839.4,15827405161,1501395936,2171212669,231351968.3,18715118010,1532601674,27835226403,20819030218,96.70269153,13.10425436,2.976579784,1.041965177
COS4_11696,0.007342519,0.417872259,0.007308012,1.363559044,0.034740358,17782794100,1778279410,24439703437,2317494664,3248691592,344714598.8,28760463254,2362409075,46543257355,33814080094,157.7559096,32.62681836,2.617413023,1.0170101
COS4_12056,0.014154721,0.467760163,0.014451831,5.718108623,0.182492828,5128613840,512861384,8062460374,741580267.5,1129614290,117017279.6,9564847379,757735388,14693461219,10853063407,157.1075956,26.20910718,2.936027795,1.033482915
COS4_12476,0.018382625,0.552136657,0.019259559,1.936688609,0.043423511,11220184543,1122018454,17387306376,1625605293,2361962211,247753486.2,20528716116,1658665372,31748900659,23394886761,172.7717914,25.90598882,3.565633137,1.044290466
COS4_13038,0.010899764,0.648327613,0.010973869,3.030053801,0.069456821,20417379447,2041737945,25693638065,2424168669,3398565948,358597348.4,30213730775,2470639639,50631110222,36465585294,84.90256458,15.08111564,4.449668051,1.025502723
COS4_13701,0.012951607,0.71394819,0.01330939,4.082716026,0.101855701,43651583224,4365158322,65609976769,6513519265,8036634187,884524830.8,76298700238,6618904183,1.20E+11,87903085134,115.3342458,13.95828661,5.175450862,1.030695868
COS4_15820,0.044619492,0.981965514,0.049538922,4.146208592,0.068250347,25703957828,2570395783,39128894029,3783921478,4924857508,529576568,45678954516,3848915708,71382912343,52414314206,92.14622777,20.68511195,9.593244522,1.114515653
COS4_16172,0.019804121,0.906933239,0.020109398,7.151529606,0.041434123,54954087386,5495408739,61399486830,5397389061,8071417657,792914376.9,72134472314,5499449015,1.27E+11,90682599303,443.8030679,81.773387,8.07110949,1.047024362
COS4_16986,0.00688539,0.211957963,0.007100286,0.754384023,0.032101448,1318256739,131825673.9,2250517678,162366592.7,361810406.6,29956065.98,2731725519,167183315.4,4049982258,3033170806,96.34444237,20.19862622,1.629138336,1.016231964
COS4_17162,0.012419954,0.54365725,0.012279689,1.954552739,0.043434505,9549925860,954992586,16482057199,1552846464,2232282625,235869466,19450993090,1584217106,29000918950,21668922819,392.8901843,18.2180899,3.496690952,1.028844706
COS4_17519,0.008556615,0.400701182,0.008647941,3.402354627,0.052076857,23988329190,2398832919,36615746469,3490318465,4735828532,503533909.7,42914398417,3553986664,66902727607,49163864055,233.8127108,68.02062632,2.515945227,1.020004953
COS4_17628,0.012109748,0.747799537,0.012263658,4.360037149,0.024088603,58884365536,5888436554,56660177657,4782070107,7513189685,709355679.5,66652719938,4874246537,1.26E+11,88937919807,197.0392937,39.93928073,5.594992865,1.028458354
COS4_17657,0.015330859,0.626597538,0.015482835,3.884981247,0.024030812,20417379447,2041737945,23579130087,1943032153,3289682650,305143552.6,27954408012,1984963678,48371787458,34616734548,104.9187221,22.81194693,4.232505565,1.036112357
COS4_17808,0.015440415,0.616526679,0.015976438,3.310956348,0.043450871,52480746025,5248074602,66943567835,6398999687,8432255652,896345616.7,78158467852,6509100859,1.31E+11,94143373640,160.0778227,30.90442675,4.13548718,1.036832279
COS4_18064,0.026639949,0.610852401,0.027350659,1.867721672,0.026061233,8912509381,891250938.1,13638061082,1251442360,1853361456,190810700.9,16103031818,1276914787,25015541199,18404903075,237.8486481,34.4390831,4.081806386,1.064131868
COS4_18435,0.01446908,0.638621601,0.014574485,2.790076358,0.034659334,23442288153,2344228815,29529810927,2720826854,3901833649,402002252.3,34719249679,2772861931,58161537833,41892328321,176.8240273,34.01669741,4.351325789,1.034002969
COS4_18969,0.013545646,0.754170515,0.013503379,5.020475675,0.060591948,34673685045,3467368505,41394901031,3842182773,5383259629,557681833.1,48554636339,3913120536,83228321384,59664203209,52.41218508,14.51756389,5.677674819,1.031631307
COS4_19066,0.021564572,0.669012313,0.021827521,4.716431028,0.048456483,20892961309,2089296131,21945514794,1834448728,3049714765,286815292.1,26001635431,1873690791,46894596740,33355672341,304.5598802,34.05677358,4.666726109,1.051225933
COS4_19648,0.017185844,0.646372208,0.017240294,4.534905851,0.023951968,42657951880,4265795188,43233369122,3596613799,5829899055,543639991.1,50987134864,3668571845,93645086745,66478483589,246.7468055,30.43223875,4.429678517,1.040430488
COS4_19667,0.018040777,0.533089852,0.018831277,3.011829573,0.023966814,14454397707,1445439771,16309380996,1317240287,2316260080,211053706.7,19390006902,1346816716,33844404609,24184746861,198.5084214,55.69756666,3.412635087,1.043364863
COS4_19680,0.009065123,0.571268593,0.009114997,2.461574801,0.042440945,70794578438,7079457844,99922696215,9886580731,11993074786,1312662649,1.16E+11,10039543838,1.87E+11,1.36E+11,112.8620057,20.3592362,3.726220862,1.02115122
COS4_20449,0.016373635,0.786091344,0.016977557,3.466041951,0.069494575,10964781961,1096478196,15787994925,1472148061,2124350887,221979336.5,18613381604,1501460007,29578163566,21602879859,82.02594181,24.57055146,6.110705359,1.03914392
COS4_20595,0.014671801,0.48068838,0.014841351,2.545276033,0.034747796,12022644346,1202264435,17332993155,1599916113,2322447112,240110632.6,20421847813,1631476069,32444492160,23698013528,175.3227633,39.63451269,3.024742304,1.034562147
COS4_21570,0.022819157,0.683642465,0.024066376,2.274001709,0.033940324,19952623150,1995262315,29810379963,2858155424,3776304938,402894138,34832865530,2907952338,54785488680,40142691634,331.9220462,36.63722463,4.826612852,1.055463487
COS4_23070,0.011556251,0.556012133,0.011735085,2.077309574,0.015677808,2691534804,269153480.4,4790786459,361404103.5,746753008.7,64358427.07,5783967960,371402372.7,8475502764,6379548963,137.0283874,21.48288622,3.597593856,1.027177925
COS4_23890,0.016721334,0.782320343,0.017470291,7.961836746,0.04729804,67608297539,6760829754,57265289380,4721228299,7587527373,699721882.8,67356700786,4812075337,1.35E+11,95434831361,366.3191176,62.88965369,6.057875487,1.040150002
COS4_24738,0.015880455,0.528652399,0.016399376,2.711335064,0.130352647,10471285481,1047128548,14913165737,1425799357,2020973961,216713267.2,17601061106,1454640698,28072346586,20480360633,197.3085276,34.63398619,3.377943638,1.037862913
GS4_00984,0.016839163,0.572729789,0.017205548,4.543161605,0.142207694,3019951720,301995172,3490539649,225355324.2,547840877.4,40448250.65,4219168016,231687398,7239119736,5188592019,167.4600055,25.98934304,3.738778953,1.039973789
GS4_01962,0.01645654,0.525328478,0.016713429,1.552813611,0.051760454,2884031503,288403150.3,4092775257,349871173.6,602954344,58429995.46,4894704534,358397791,7778736037,5681176831,120.7975825,15.54751865,3.352188856,1.038926929
GS4_05881,0.011348743,0.665227955,0.011372208,6.824520221,0.106761448,6025595861,602559586.1,8788094736,735906114.3,1290391513,122438596.5,10504315448,753708007.2,16529911309,12109849236,384.5333477,43.97690863,4.626237829,1.026503597
GS4_09989,0.011555068,0.411388654,0.011735773,2.347220224,0.023472202,4466835922,446683592.2,6189477596,465167298.5,939564980.6,80373100.38,7439099020,477291753.7,11905934942,8677143389,100.9122079,18.30637839,2.578627762,1.02717734
GS4_10566,0.017271521,0.448934295,0.017621252,1.620214671,0.01644888,7943282347,794328234.7,9046959559,721498322.3,1309094516,118068351.6,10788055265,738389148.8,18731337612,13396935129,145.1091311,19.9063067,2.811475449,1.040989674
GS4_10784,0.019588347,0.520279101,0.020343463,2.844601594,0.060523438,12022644346,1202264435,16305006463,1497196364,2231261366,230071419.3,19272584079,1528145897,31295228425,22715115544,150.4170206,44.46144902,3.313439925,1.04704674
GS4_15836,0.013900725,0.403829274,0.014305807,3.119716719,0.034760075,37153522910,3715352291,48416911437,4557337096,6196676959,649807300.5,56658491792,4638559970,93812014702,67753737585,336.4282452,87.68466036,2.534132238,1.033007116
GS4_16776,0.009298802,0.537803487,0.0092661,1.972589061,0.026069459,11748975549,1174897555,18071265184,1670345760,2431380988,251842151.3,21305001899,1703598105,33053977448,24329848589,211.83885,46.27745711,3.449876015,1.021603685
GS4_16814,0.012854593,0.636449972,0.012944822,5.031352287,0.026069183,1.55E+11,15488166189,1.81E+11,17014488426,21705753317,2259599132,2.10E+11,17277859972,3.65E+11,2.61E+11,183.1142507,38.26891789,4.329621898,1.030148204
GS4_17069,0.011465957,0.471946572,0.01154014,1.965587826,0.008189949,15848931925,1584893192,19888927646,1634002582,2786238756,257799414.2,23594625191,1669588717,39443557116,28423493470,127.9073331,16.8595757,2.964466674,1.026840643
GS4_20651,0.010822134,0.419698787,0.010945187,1.497312925,0.017210493,15488166189,1548816619,21450140790,1938408483,2918430449,295945227.2,25331653287,1977967148,40819819476,29691344701,221.3139886,41.42870903,2.628444351,1.02537722
GS4_24110,0.02651825,0.857579058,0.027846866,4.907548517,0.00857963,77624711663,7762471166,1.13E+11,10322646338,13640844415,1379081240,1.31E+11,10484332909,2.09E+11,1.52E+11,204.0827238,52.83010637,7.204088814,1.064591675
GS4_27230,0.011185475,0.333839837,0.011384624,2.31294391,0.034650845,10964781961,1096478196,15070890102,1365562222,2064375155,210071599.9,17816509057,1393851454,28781291019,20920192123,99.98301961,10.89401186,2.156948805,1.026325362
GS4_29868,0.024942371,0.591036818,0.026397336,5.840959343,0.71849717,19054607180,1905460718,33354625434,3409832309,4221208447,480144667.1,38968832669,3469114676,58023439848,43377966461,154.2148147,42.74688525,3.899750458,1.060890261
GS4_30274,0.013161866,0.334155028,0.013566252,3.626139529,0.042262698,1.58E+11,15848931925,2.14E+11,21178637526,24760530577,2702067088,2.47E+11,21481380798,4.05E+11,2.93E+11,790.8943368,18.0593263,2.158514787,1.031250343
GS4_33103,0.142073043,1.507025399,0.153907665,31.86247097,0.14645671,89125093813,8912509381,76999981155,6490188394,9974470318,937928306.6,90266026677,6608983548,1.79E+11,1.27E+11,278.7172966,253.755958,32.1384849,1.406146807
GS4_33234,0.035658237,0.788713492,0.037731294,2.399388839,0.024907151,14125375446,1412537545,17358649576,1484912546,2430713935,234162401.2,20591499110,1517220368,34716874556,24970704177,109.0789593,16.55575925,6.147711692,1.08816813
GS4_33496,0.034449848,0.987938525,0.037061638,4.579546426,0.104278097,16982436525,1698243652,24480180994,2324986544,3238048467,343924521.4,28786785456,2369555894,45769221980,33422779166,69.77347574,17.09795378,9.726095407,1.085819673
GS4_35937,0.032211579,0.814645256,0.034517616,5.299187951,0.201234985,48977881937,4897788194,72259838783,7306370451,8731577159,977350451.3,83872836404,7421100123,1.33E+11,97126132454,80.56396915,18.76221861,6.525972755,1.079856702
GS4_37124,0.056741324,0.639704101,0.063759149,3.051148246,0.074823799,38904514499,3890451450,65103134495,6475464452,7901367129,870419285.8,75611952777,6578131277,1.15E+11,85033691271,438.7512438,109.9927554,4.36218521,1.148852864
GS4_41438,0.014313234,0.656719072,0.014647292,2.742138208,0.04284591,66069344801,6606934480,92407845653,9073830044,11215495244,1219715341,1.07E+11,9217700036,1.73E+11,1.26E+11,106.5668631,26.54775214,4.536480746,1.033904189
GS4_42235,0.022243396,0.601270464,0.022932973,3.142572917,0.091450535,13803842646,1380384265,24787893876,2428276447,3145863846,343000203.1,28971892792,2470756173,42775735438,32092314403,307.0541626,58.47700669,3.992734788,1.053387889
GS4_43501,0.012725923,0.767294291,0.01306638,5.083532015,0.05213879,39810717055,3981071706,52243336496,4920904849,6649408435,697324159.9,61087049714,5007539474,1.01E+11,72914476171,265.0800572,84.56079577,5.851864893,1.030139843
GS4_43891,0.037773962,0.938413748,0.04171541,6.529383669,0.057855298,20417379447,2041737945,25036553521,2165609391,3451241954,335526559.2,29626705320,2211109085,50044084767,35980703879,339.9805119,71.09178871,8.677882148,1.095845069
U4_06203,0.017031947,0.892461268,0.017152835,4.794138269,0.054127368,38904514499,3890451450,32222377399,2620412271,4404132286,402125980.3,38079873340,2674434704,76984387839,54439305672,189.7236924,17.17425552,7.806588152,1.040141429
U4_07799,0.111234809,1.659120201,0.077356337,5.435157077,0.093041205,15848931925,1584893192,14807896317,1174479108,2112520547,189139653,17617548645,1201116757,33466480570,23697397819,207.5580503,33.90709552,45.61631516,1.243442876
U4_10403,0.005973972,0.433883142,0.005954949,2.114016136,0.034656002,18197008586,1819700859,24787489571,2300988165,3314408595,344526012.1,29195653002,2346169588,47392661588,34402285908,108.3710474,21.38329355,2.715708437,1.013828418
U4_12280,0.009454785,0.424705618,0.009193535,2.434703163,0.030721806,58884365536,5888436554,48330491944,4065049946,6489242447,611489249.6,56961184399,4145606899,1.16E+11,81926461126,506.3993793,99.12370713,2.658922125,1.02170185
U4_16101,0.009930053,0.249936368,0.010402536,0.703552076,0.026057484,6918309709,691830970.9,12199783027,1155181304,1676537319,178357515.4,14429577661,1179285816,21347887370,16002366097,1006.512855,49.92444032,1.778018881,1.023685045
U4_18696,0.009113236,0.50985529,0.009196291,2.548909325,0.048244341,9120108394,912010839.4,12115763442,1021510207,1756707796,167547002.2,14452184810,1045533194,23572293204,17089237048,141.9796912,20.02881903,3.234858514,1.021303371
U4_19575,0.007905877,0.496948006,0.007867156,3.31239187,0.032003786,18197008586,1819700859,20195000742,1673222259,2834460228,264548865.5,23964832845,1709816114,42161841431,30090602101,121.1618228,32.70555638,3.140132734,1.018325261
U4_19708,0.015683815,0.731032773,0.015982371,6.853139566,0.10423026,1.82E+11,18197008586,2.06E+11,20396915186,24500265048,2679344854,2.39E+11,20705865971,4.21E+11,3.00E+11,437.1081509,156.2001421,5.383104027,1.037129813
U4_20987,0.020878219,0.74289951,0.02183869,2.70124941,0.048236597,5370317964,537031796.4,7855564057,643318089.6,1170295808,108807174.3,9412057482,659393792.5,14782375446,10836380442,105.4717133,20.98923257,5.532220867,1.050409692
U4_21424,0.021621781,0.651780038,0.023173548,6.245795904,0.138988504,18197008586,1819700859,23844074977,2260962916,3134027642,332097724.2,28012331742,2303702095,46209340328,33403919696,347.7644653,41.97088793,4.485181666,1.052927232
U4_21533,0.011059219,0.49156303,0.011587584,5.870644144,0.064512573,1.29E+11,12882495517,99988470018,8912702863,12779507996,1268870167,1.17E+11,9071067029,2.46E+11,1.74E+11,150.7242791,28.57216268,3.101437473,1.026416162
U4_22575,0.008538051,0.450717744,0.008735157,1.633216447,0.060811251,14125375446,1412537545,19804964827,1902438690,2634618708,283218858.2,23309007709,1939371447,37434383155,27255019205,102.0435349,17.07884416,2.82304463,1.020085596
U4_25158,0.011436992,0.39570886,0.01159685,2.675536055,0.095554859,7413102413,741310241.3,12071426271,1139088407,1654526356,175352247.2,14271946324,1162718050,21685048737,16082367340,219.3396868,23.67538492,2.487189408,1.026873458
U4_25264,0.011449793,0.539263421,0.011387404,2.206284912,0.060803127,6918309709,691830970.9,9552617253,872815023.9,1326828426,136386139.5,11317299060,891464913.2,18235608769,13264398487,72.52030085,17.09914447,3.461492708,1.02664099
U4_26264,0.014656866,0.522714076,0.014854017,1.40803791,0.059375093,9120108394,912010839.4,14470938084,1405807363,1898009954,206001170.8,16995291323,1432257043,26115399717,19287724186,70.57668032,15.98609549,3.332069687,1.034559452
U4_26875,0.008346873,0.255669748,0.008492801,2.090445666,0.043191026,1.51E+11,15135612484,1.50E+11,14792271657,18358057155,2005121984,1.75E+11,15030741442,3.26E+11,2.31E+11,703.1342715,113.8945624,1.801647189,1.019576562
U4_28358,0.011761234,0.401026376,0.012292075,3.845701475,0.077953408,91201083936,9120108394,99838135384,9739396344,12426359338,1346264883,1.16E+11,9902618192,2.08E+11,1.48E+11,399.5091362,63.22707536,2.517829836,1.028079587
U4_28931,0.018428816,0.74464915,0.018661794,2.963335973,0.069521079,8128305162,812830516.2,11711006372,1081255500,1604829713,166414809.9,13845429890,1103676210,21973735052,16055070029,119.6310333,22.29782027,5.554553448,1.043627035
U4_30029,0.010168726,0.309882251,0.010370481,1.182921494,0.02590339,5754399373,575439937.3,7695140390,676828481.9,1093569260,108523151.7,9149587506,692047407.8,14903986879,10808703145,123.7120409,18.72626729,2.04118445,1.023928462
U4_31577,0.009064813,0.571756239,0.009103007,4.498911518,0.060796102,1.17E+11,11748975549,1.41E+11,13744511455,17294895154,1862597705,1.64E+11,13965972476,2.82E+11,2.02E+11,297.3925321,50.55243642,3.730407189,1.021136759
U4_32491,0.022998231,1.040328925,0.024113678,6.162710183,0.100520994,4677351413,467735141.3,6435232347,490593161.6,977943474.6,84872239.92,7735897168,503411921.3,12413248581,9040006705,163.4623449,27.28503003,10.97308958,1.055738386
U4_33182,0.019004428,0.628096365,0.020194467,3.119403907,0.056277906,41686938347,4168693835,30483558071,2592652335,4105782581,391370763.8,35944248903,2644388482,77631187250,55043526940,119.406143,23.038934,4.247137931,1.046164201
U4_34173,0.018539652,0.756917089,0.018639175,3.848675081,0.048008421,19054607180,1905460718,21363066555,1802959077,2991628231,284335813.8,25341932103,1842192020,44396539283,31706333397,163.0007648,37.84274525,5.713695462,1.043733004
U4_34545,0.010876617,0.517675193,0.010875252,2.763797157,0.057750985,3388441561,338844156.1,4966888773,400605561.6,749767100.6,68778499.13,5964079017,410916737.9,9352520578,6859429621,183.380723,43.35120543,3.293632905,1.025358969
U4_36227,0.012043603,0.486822351,0.01216095,3.174173681,0.030742602,6025595861,602559586.1,8730174432,677845277.8,1311421983,115731927.3,10474365669,695101901.3,16499961530,12083879412,73.4232698,16.09380891,3.067766853,1.028258434
U4_39208,0.011715858,0.368137228,0.012300157,2.571160456,0.086863529,5370317964,537031796.4,7349251271,666801748.9,1033288990,105632230.2,8723525628,681441307.7,14093843592,10244033113,71.88116004,16.99789088,2.334195504,1.028035485
C-HiZ_z1_245,0.02800919,1.24802258,0.030159451,3.4952984,1.0485896,7962153419,3669195124,9866093427,2717178583,1453130575,416721160.4,11798757092,2773128285,19760910512,14233992974,186.2669941,21.9872943,17.70200992,1.069265738
C-HiZ_z1_258,0.030054364,1.280049413,0.032105263,4.6041574,1.3812473,10691297668,4926865285,11835529831,3188705858,1716475034,481235254.1,14118441627,3252306866,24809739295,17709721618,162.7288572,23.85124467,19.05677529,1.0741898
C-HiZ_z1_267,0.024783954,1.085589497,0.026074984,4.431997,1.3295991,2254395961,1038892148,3169940253,695176687,498742888.3,114212547.4,3833268294,711579266.7,6087664255,4447049242,50.9380043,9.70683814,12.17837933,1.060302899
C-HiZ_z1_275,0.01343797,0.901605797,0.013917123,2.456358,0.7369074,8260952882,3806890729,10307255782,2897303351,1512225000,442553541.9,12318515032,2956486464,20579467914,14832031389,131.4556873,19.96907863,7.972706878,1.031995045
C-HiZ_z1_277,0.028639842,1.177547238,0.029958344,4.153598,1.2460794,10691297668,4926865285,10781365968,2704294051,1563457710,408091859,12860764722,2758223539,23552062391,16724327044,80.21019194,30.02924386,15.05037213,1.06979261
C-HiZ_z1_285,0.026703166,1.286573422,0.028111125,1.5820578,0.4746174,4886864122,2252011116,6104893239,1523154260,922149084.3,239824475.3,7331351521,1556193613,12218215642,8810797697,126.7095915,25.68619573,19.34520881,1.065142507
C-HiZ_z1_289,0.010397865,0.991760857,0.01044263,3.7175689,1.1152707,11298745024,5206794942,12987498351,3633706714,1877235109,546483626.5,15484221046,3705684347,26782966070,19168274323,109.373709,28.03542158,9.812074954,1.024283668
C-HiZ_z1_297,0.01490278,0.823432279,0.01524013,3.7084405,1.1125323,22337271401,10293673457,22697344300,6501144291,3172852472,944324251.6,26917238088,6621351119,49254509489,34978441931,160.2256141,31.6317467,6.659356714,1.035312571
C-HiZ_z1_314,0.017277683,0.792955644,0.017939814,1.7687768,0.53063303,10023757306,4619242998,12964538559,3810219768,1886923023,577169412.8,15474146179,3886777414,25497903485,18437052652,188.1766835,29.07355719,6.208056258,1.041379142
C-HiZ_z1_317,0.021496251,1.084484253,0.022599518,3.9519444,1.1855834,19634975527,9048375819,21753478229,6476144138,3055685886,945443383.3,25817540458,6597090078,45452515984,32435746627,159.3679907,26.4248121,12.14742575,1.052078716
C-HiZ_z1_319,0.066592496,1.67984577,0.056586725,7.07452,2.1223562,13584088881,6259948793,13232678377,3391841278,1895706262,505402047.6,15753967706,3457805598,29338056587,20801802066,167.6418802,52.76560526,47.84601476,1.152440268
C-HiZ_z1_340,0.012011733,0.74491454,0.012199927,2.2292604,0.6687782,17101354747,7880808639,16737152198,4477972977,2371760289,659720661.4,19891593382,4563126419,36992948128,26232266799,175.6777099,41.89532972,5.557948778,1.028266863
C-HiZ_z1_90,0.024753846,1.053204577,0.025479177,2.5611658,0.76834977,3673080745,1692663938,5339764859,1421048667,816801073.1,226706027.4,6426110286,1452684767,10099191031,7401784620,85.85355529,20.76148861,11.30328237,1.059538307
C-zcos_z1_1015,0.022079321,1.488951743,0.023211777,7.291261,2.1873784,28643778434,13199897896,26576701731,7600244539,3652209984,1084553981,31434141009,7735916149,60077919443,42527300219,230.1617833,45.69071916,30.82845375,1.053527601
C-zcos_z1_1021,0.015215279,0.882415498,0.015474121,3.6876013,1.1062804,7603789464,3504050444,9532524476,2748048210,1392598174,417892536.4,11384680047,2803690310,18988469512,13690454850,87.59266849,21.27522805,7.628084551,1.035964132
C-zcos_z1_156,0.018586911,1.047229283,0.0191759,2.1255233,0.63765705,6808171857,3137406386,8771413590,2455103691,1297167382,378126680.4,10496646208,2506082815,17304818066,12511226385,112.9093009,24.23584886,11.14882974,1.044435212
C-zcos_z1_162,0.010225099,1.001905197,0.010517997,5.1750646,1.5525194,39176927127,18053883469,39249066507,12394464755,5276001411,1728655863,46266148384,12605898378,85443075510,60624979219,113.3224884,43.70243536,10.04396515,1.024168873
C-zcos_z1_166,0.032763365,1.036373999,0.035534542,2.7665849,0.8299755,6745752740,3108641815,8834549075,2560284752,1299076460,391992088.5,10562320766,2612826685,17308073506,12532669309,83.39316961,24.61168247,10.87361617,1.08181043
C-zcos_z1_189,0.037822001,1.189067047,0.040920021,4.3405485,1.3021647,14758078400,6800957788,17988030356,5600979436,2539500470,821965816.5,21365565981,5706670541,36123644381,25967061593,124.4015007,42.37038391,15.45493016,1.09489828
C-zcos_z1_192,0.010483517,0.936395573,0.010730779,3.5357754,1.0607326,9750575921,4493352959,12956051553,3973958892,1871798692,597359256.6,15445543814,4052599185,25196119735,18265775497,128.9859803,31.1433257,8.637649413,1.024724609
C-zcos_z1_197,0.017750649,0.835854711,0.018360522,3.6033008,1.0809903,3990529605,1838953735,5133145268,1247737213,783362336.7,198572303.8,6175017176,1275381346,10165546781,7352221681,94.73390666,25.30279503,6.852589422,1.042451102
C-zcos_z1_198,0.037370254,1.400416806,0.040558628,5.584179,1.6752537,14224277281,6554966489,16829727984,5177907929,2374989500,759550933.2,19988464019,5275532210,34212741299,24533013634,76.13587961,16.26302875,25.14298324,1.093874169
C-zcos_z1_2,0.013363228,0.955014906,0.013253025,6.1939964,1.858199,17580451641,8101590618,18206866868,5229622340,2559447912,764070515.3,21610932591,5327442189,39191384232,27858655519,224.4377224,40.01265173,9.016020812,1.031117434
C-zcos_z1_200,0.022637477,1.025416383,0.023764316,3.176221,0.9528663,4416009703,2035027513,6647123081,1974938347,995479803,308192229.6,7971111219,2017026508,12387120922,9112615199,70.03801402,16.32216308,10.60269779,1.054875637
C-zcos_z1_202,0.015707585,1.154422029,0.01601267,3.161079,0.9483237,18924743322,8721079872,23535095314,7363409743,3316569290,1078564038,27946132470,7501837448,46870875792,33751033019,160.3010374,30.74582852,14.26993612,1.037194379
C-zcos_z1_354,0.013531866,0.944370519,0.013768853,2.0538583,0.6161575,3443735870,1586975055,5117511175,1348130807,787001585,216276237.3,6164223283,1378476585,9607959153,7060946497,88.65721079,19.02845042,8.797727753,1.031930327
C-zcos_z1_356,0.011531333,1.060385301,0.011592642,2.4829235,0.7448771,15453621506,7121484565,20119039971,6543887363,2824394512,954734579.8,23875484672,6665946761,39329106178,28440344337,75.63826884,18.49099981,11.49172703,1.026980006
C-zcos_z1_460,0.031961127,1.472366231,0.033770937,5.50943,1.652829,16789212762,7736964407,17666469032,5089099129,2489264589,745339309.7,20977190936,5184747649,37766403698,26868572808,239.757742,30.78659731,29.67332624,1.078616289
C-zcos_z1_472,0.025240792,0.977284284,0.026437496,3.236356,0.97090685,7194991691,3315664374,8220503196,2160162976,1209724560,330999429.7,9829436861,2204564779,17024428552,12181368332,52.26752662,21.04589406,9.490394896,1.061303402
C-zcos_z1_493,0.031614453,1.273643872,0.034149399,4.303485,1.2910455,4102324861,1890472286,6425781113,1871419635,973414148,295544209.6,7720421930,1912254811,11822746791,8742653147,55.11482529,14.88500107,18.77776381,1.078658017
C-zcos_z1_593,0.037284033,1.730308149,0.02711096,3.7753708,1.1326113,4797666775,2210906348,6699474300,1905536252,1002501797,297109257.1,8032801690,1946077113,12830468465,9356468857,180.92629,18.3940881,53.74129774,1.077028717
C-zcos_z1_642,0.016829336,1.089702201,0.017266199,3.0503702,0.9151111,9484839655,4370893850,12725004394,3913347205,1840239093,588854297.7,15172522387,3990946170,24657362043,17893228297,98.29426625,22.46287689,12.29425455,1.040034684
C-zcos_z1_644,0.039008851,1.146031517,0.042326078,4.3298044,1.2989414,11403293430,5254973931,13394683490,3926896223,1920110842,585507296.2,15948430910,4003364349,27351724340,19605803976,158.0897819,22.8228276,13.99688895,1.098172671
C-zcos_z1_659,0.022727999,1.179812309,0.023867744,3.1556273,0.94668823,8974912159,4135904221,11162054193,3351123973,1607756925,502157071.7,13300370903,3417028059,22275283062,16045214689,119.9581981,14.08410701,15.12907268,1.055111229
C-zcos_z1_660,0.061622932,1.699198317,0.047520214,5.4115973,1.6234792,15032457904,6927399956,16571834694,4895222237,2339477258,718364878.6,19683339446,4987588418,34715797350,24767087887,155.4635613,33.53476655,50.02629235,1.134041152
C-zcos_z1_670,0.028911367,0.858436515,0.029828204,2.6539555,0.7961867,22337271401,10293673457,24539935529,7457642976,3416270659,1078616049,29083575506,7594366285,51420846907,36671624696,236.6003249,66.49681893,7.218326388,1.069966124
C-zcos_z1_673,0.046301749,1.291573385,0.052006026,5.733666,1.7200999,5164521033,2379963610,6614306807,1795488305,986809069.9,279081866.9,7926762870,1833453576,13091283903,9460752988,113.1900339,26.7081098,19.56921413,1.119858763
C-zcos_z1_675,0.014639842,1.011649238,0.014926055,4.441016,1.332305,21529330140,9921350295,24982569597,7802078456,3479522514,1128982540,29610334540,7945254619,51139664681,36609888936,242.5719624,51.4404075,10.27186347,1.034625009
C-zcos_z1_685,0.016322449,0.964913016,0.0171669,3.475418,1.0426255,15171554725,6991499873,17590400562,5223928703,2498577581,771515315,20913508746,5323752797,36085063471,25837006809,101.8922666,21.91319818,9.223866653,1.039309458
C-zcos_z1_690,0.019684254,1.138470666,0.020681314,3.250835,0.9752505,20942582871,9650959848,22312623942,6730924824,3100885631,971778642.1,26436801831,6853890596,47379384701,33726788586,159.7259321,46.49632989,13.75531899,1.047570041
C-zcos_z1_692,0.010511207,1.015059203,0.010572283,4.1659923,1.2497977,24045293968,11080780630,27789732606,8855491457,3835755469,1269468028,32891287379,9015009601,56936581347,40743256466,180.4907603,16.64213822,10.35283287,1.024570261
C-zcos_z1_693,0.03046168,1.058767887,0.032028361,4.155385,1.2466156,6998903764,3225301274,9133445304,2658223715,1340323048,406133718.2,10916074958,2712549321,17914978722,12967087043,128.2175568,40.17947383,11.44900874,1.074597255
C-zcos_z1_698,0.02116503,1.070918266,0.021854904,3.0274315,0.90822953,16635284825,7666029873,17819437924,5242889102,2503889123,765660652.6,21149610458,5340868788,37784895283,26907967663,122.3509087,38.57658089,11.7738437,1.050775901
C-zcos_z1_796,0.024402734,0.999151997,0.025231741,3.3286138,0.99858415,4064713663,1873139937,5493449140,1446327670,832834256.9,228598958.4,6601118701,1477938427,10665832365,7752203898,50.70937097,14.84526215,9.980493065,1.058808539
C-zcos_z1_925,0.014843657,1.029651966,0.01533424,3.7296395,1.118892,15171554725,6991499873,17640783105,5337469155,2493613179,784320016.1,20957288633,5438449206,36128843358,25872456776,154.5327326,25.8054407,10.70660957,1.035354362
E-zmus_z1_117,0.01707571,0.990412787,0.017583992,2.9573355,0.8872007,15596615395,7187380367,15381771711,4086898016,2188144801,604532509.4,18292004296,4165236704,33888619692,24038548895,74.12055557,13.77233735,9.781665031,1.040710474
E-zmus_z1_119,0.017390204,1.131258587,0.017382845,4.19094,1.257282,27354567188,12605791331,26628106120,7638638019,3685788961,1098236706,31530205438,7777036922,58884772627,41742378958,183.9100797,31.0809915,13.52877852,1.040846112
E-zmus_z1_12,0.014585619,1.166351825,0.015102122,3.91059,1.173177,62665781971,28878240540,60156958729,19494450502,7900828498,2654170028,70665060632,19811482178,1.33E+11,94448668726,228.6645706,30.70039427,14.66735572,1.034770281
E-zmus_z1_122,0.016933783,1.203949204,0.017342886,4.9662123,1.4898638,38817742712,17888360697,38310060237,12120418127,5133731642,1684970614,45137923320,12325853541,83955666032,59533597832,108.8864004,25.64352911,15.99370952,1.040251576
E-zmus_z1_125,0.022493347,1.026642438,0.022950499,2.5132022,0.75396067,12619162838,5815282414,14509873504,4390396627,2051537096,645312882,17238417841,4473500117,29857580679,21363668234,144.7025503,24.88834404,10.63267252,1.053712139
E-zmus_z1_127,0.023412181,1.10377597,0.024366549,4.0246596,1.2073978,12275247849,5656796244,12570611709,3387593406,1798953476,504213601.9,14963219832,3453331570,27238467681,19354060491,79.29482344,18.47695956,12.69918852,1.05654896
E-zmus_z1_146,0.034097768,1.152507379,0.036697336,3.146733,0.9440199,32887446455,15155505279,29972122709,8536634743,4103204282,1213383465,35429384404,8687835358,68316830859,48340722105,140.7767809,33.63679964,14.20716351,1.084924451
E-zmus_z1_166,0.012343923,0.972795178,0.012480261,2.4559138,0.73677415,29176318343,13445307992,30175919300,9439775971,4106978558,1333620689,35638200783,9604969397,64814519126,46057995040,147.3699332,27.7750735,9.392802222,1.028992235
E-zmus_z1_176,0.020154834,1.030550938,0.020434763,3.3691907,1.0107572,9931856852,4576892559,13130542692,4087761517,1886240090,610837752.2,15639242011,4167710531,25571098863,18526404703,103.6995875,25.04526398,10.72879478,1.047839632
E-zmus_z1_189,0.021561198,1.038292846,0.02220168,3.1578732,0.947362,9226361812,4251779637,10562248874,2840289726,1542849609,431867120.7,12614238854,2897785684,21840600666,15628332418,98.94111711,19.93169232,10.92176547,1.051675017
E-zmus_z1_207,0.017875634,1.083846364,0.017905879,4.284553,1.2853659,28643778434,13199897896,23592383386,5994289652,3265876630,861900204.2,27935999304,6102915258,56579777738,40011074718,113.1779679,35.76590351,12.12959677,1.042055277
E-zmus_z1_208,0.025822619,0.902442197,0.026933077,1.635211,0.49056333,2296309280,1058207041,3513703696,861777284.6,550771784.5,141033768.1,4246230170,881954894.4,6542539450,4827370606,95.09138039,19.68410375,7.988076168,1.062620531
E-zmus_z1_21,0.020146656,1.086487561,0.021290272,3.1547704,0.9464311,31119339260,14340709336,26986565125,7303039499,3713269060,1043524637,31925212974,7433748609,63044552234,44582872265,141.5967963,40.56110826,12.20358866,1.048863181
E-zmus_z1_219,0.017011479,1.10709184,0.017338868,3.3533795,1.0060139,26365149855,12149838643,31424636457,10362654457,4296746642,1471044250,37139309492,10545731649,63504459347,45546124274,174.3555999,40.90876321,12.79651883,1.040339779
E-zmus_z1_24,0.044323604,1.492902367,0.048847599,3.9,1.1700001,13092728075,6033515242,13854774072,3717442242,1992253277,556074131.9,16504470930,3790297260,29597199005,21066966776,139.6757685,28.1910489,31.11016879,1.113246895
E-zmus_z1_35,0.021318646,1.268250583,0.021660672,3.724687,1.1174061,24267787453,11183312190,20631023854,5169790580,2883790946,750881151.9,24466465812,5265366109,48734253265,34460607324,219.6936459,24.71548087,18.54601399,1.050726518
E-zmus_z1_55,0.037854622,1.348247401,0.041684029,3.5452166,1.063565,11403293430,5254973931,12303765249,3377443725,1769236730,505218804.2,14656850101,3443636281,26060143530,18570362299,136.6934115,16.82951099,22.29704968,1.09590661
E-zmus_z1_70,0.048483883,1.256624148,0.054572232,2.591769,0.7775307,29446237975,13569694920,25306348912,6814010225,3484064663,974225028.7,29940154913,6936110136,59386392888,41993973462,68.50273117,18.2164278,18.05610816,1.126000871
E-zmus_z1_86,0.01851154,1.036229359,0.019308499,2.1174657,0.6352398,5984529201,2757847558,8856855949,2601867394,1322690694,404838786.2,10616034572,2656995826,16600563773,12186664014,104.5487087,22.94803842,10.86999537,1.044504229
E-zmus_z1_97,0.010018482,0.899818644,0.010080262,2.8215117,0.8464536,14894636360,6863887723,19894491181,6527842441,2795942610,953482149.7,23613094852,6649878482,38507731212,27918245661,117.7178545,23.80085007,7.939966024,1.023409333
E-zmvvd_z1_19,0.033626618,0.943312683,0.03579681,4.895118,1.4685354,15886584827,7321006833,16887834458,5016965460,2364665415,729997818,20032839461,5110047318,35919424288,25567523039,96.5668094,15.9292881,8.776324718,1.083211021
E-zmvvd_z1_58,0.021835967,0.853106069,0.022585783,1.2108119,0.36324358,7889154294,3635554974,9795602686,2699006392,1443201550,414069578,11715060747,2754617905,19604215041,14123788577,109.4665266,22.84746564,7.130271542,1.052473179
E-zmvvd_z1_73,0.016881315,1.126488796,0.017473102,4.6029487,1.3808848,53092153360,24466430120,48894980107,14952052299,6525956898,2069999049,57574502781,15203401613,1.11E+11,78317304084,241.9147635,50.46037732,13.38100694,1.04034482
E-zmvvd_z1_77,0.0139128,0.961200816,0.01444917,3.148276,0.94448286,25646610096,11818714330,23664546708,6487959389,3287133286,936216655.3,28036433980,6606365170,53683044075,37997239896,73.40749284,23.39490034,9.145360212,1.033192078
E-zmvvd_z1_83,0.022751939,0.982163425,0.02375135,1.4549465,0.43648398,1892474267,872107957.3,3058719937,717763148.7,486297379.6,119216966.9,3705495452,735067858.4,5597969719,4160787833,77.09719791,22.01513897,9.597617219,1.054998717
S-CFHIZELS-SM14-104965,0.016419738,1.183027017,0.016792197,2.9492457,1.3595351,12735906827,5869081487,12554898092,3259616856,1811114322,489213632.6,14963680140,3323921305,27699586967,19649810331,157.6341984,27.99867374,15.24147567,1.038977177
S-CFHIZELS-SM14-107086,0.032001724,1.379332585,0.034162481,3.730886,1.7198534,22963093588,10582070778,17853795736,4294168245,2501847985,625327081.9,21181253556,4373966265,44144347145,31240185168,67.33574548,15.00334388,23.9514927,1.079154054
S-CFHIZELS-SM14-117442,0.013607853,1.124086125,0.013650028,2.0932713,0.9649504,10399923544,4792591495,10167579590,2509623013,1481659966,380642604.7,12138187345,2560176059,22538110889,15984179733,59.97181349,14.39297817,13.30718286,1.031879397
S-CFHIZELS-SM14-118544,0.015351394,1.012698409,0.015766314,2.9401493,1.3553419,7745157732,3569197112,8983581618,2375515659,1329448173,366128129.6,10751747688,2424911411,18496905420,13250945123,108.9339377,19.99011261,10.29670828,1.036475172
S-CFHIZELS-SM14-138499,0.011159067,1.065035077,0.011340394,2.1297607,0.98177123,10790225304,4972454057,13612673760,4065129030,1976798054,614341035.9,16241815173,4146430183,27032040477,19499372354,133.5412649,21.21794695,11.61542425,1.026241894
S-CFHIZELS-SM14-139428,0.021069354,1.261426332,0.021630971,3.7371938,1.7227613,3917692578,1805388285,5447378518,1411961397,835114993.2,225778699.1,6558081459,1443539563,10475774037,7639158825,86.72042487,19.08730111,18.25687039,1.050389213
S-CFHIZELS-SM14-145965,0.020756147,1.136577036,0.021377133,4.7825093,2.869506,10790225304,4972454057,12223017828,3482074244,1775559044,526400907.2,14584511357,3551760063,25374736661,18142131452,230.8115208,22.75719347,13.69547299,1.049703755
S-CFHIZELS-SM14-148830,0.023405355,1.252272394,0.02438142,2.1080093,0.9717443,12162705134,5604933242,13165586357,3638799925,1902209018,547020043.5,15695524351,3710818573,27858229485,19856507267,145.9126095,20.85725032,17.8760843,1.056558776
S-CFHIZELS-SM14-159913,0.024063865,1.157399311,0.025011144,2.9499652,1.7699791,2612342630,1203844530,4048242425,1045383573,633527413.6,170790985.6,4890833885,1069777945,7503176515,5544780438,141.6740094,15.86802987,14.36809898,1.058126918
S-CFHIZELS-SM14-164290,0.015808552,0.816957239,0.015956999,2.7790155,0,9840798965,4534930399,10736245106,0,1567362045,0,12820836626,inf,22661635591,16162152581,117.8295858,30.85154747,6.56080665,1.03724842
S-CFHIZELS-SM14-216212,0.027054434,1.136293902,0.028335576,2.7626717,0,2094258215,965095951.7,3092897665,0,490275564.2,0,3744964165,inf,5839222380,4290766140,50.03863413,19.58887908,13.68654728,1.065848497
S-CFHIZELS-SM14-228100,0.017604971,0.945555454,0.018150868,2.1381419,1.2828851,1945495622,896541761.2,3182155453,780305687.6,506147617.2,129665348,3855331784,799135572.4,5800827406,4318395116,59.2371377,15.50700986,8.821764384,1.04202468
S-CFHT-NBJ-2048,0.011845137,0.80451762,0.011763464,2.6084435,1.5650661,1358408841,625994857.8,2120217969,415833144.9,344145994.4,70580180.11,2577932141,426296949.4,3936340983,2913933545,53.03045805,18.89244988,6.375549473,1.027553169
S-NBJ-CFHT-1739,0.029470269,1.231561953,0.031282194,2.082567,0.960016,27103820906,12490240049,24322997759,6735420071,3382005944,972944565.2,28821065664,6858597644,55924886570,39563505074,221.4815075,42.53433373,17.04362434,1.072450304
S-NBJ-CFHT-1745,0.01940929,1.029370467,0.019955356,2.1171663,0.9759654,4977719809,2293880096,6523151604,1726447769,986313929.4,272117276.5,7834949130,1763974227,12812668939,9282463163,136.0871661,20.3093895,10.69967206,1.046363083
S-NBJ-CFHT-1759,0.019165318,1.030267096,0.019357708,3.1302242,1.8781346,21728504992,10013135941,23113185446,6995851852,3248728857,1021983875,27433994826,7126673318,49162499818,34996456982,349.336739,43.60586646,10.72178504,1.045349519
S-NBJ-CFHT-1770,0.021882786,1.078713664,0.022628623,2.0013447,0.9225744,5457953574,2515185979,7032486175,1816136448,1063920159,286420363.5,8447499986,1855657884,13905453561,10057311432,81.52711144,22.83588475,11.98708718,1.05258182
S-NBJ-CFHT-1774,0.01918251,0.672300834,0.019707071,2.7643955,0,5875296754,2707510025,7766980332,0,1164938380,0,9316348377,inf,15191645131,11014238922,82.46957311,20.47851382,4.702197152,1.045790928
S-NBJ-CFHT-1787,0.05350177,1.720657942,0.034948158,3.762009,1.7342005,18240233531,8405637572,17566659919,4809563093,2487628000,708075624.8,20875205160,4900895068,39115438691,27721477409,217.9748427,47.73075634,52.56031285,1.107449765
S-NBJ-CFHT-1793,0.027604534,0.887058367,0.028498627,4.528201,2.0873976,7465001516,3440092865,8728423212,2320551637,1292493370,357888960.3,10447439393,2368866519,17912440909,12840375287,77.46850463,16.60723564,7.710070809,1.066723373
S-NBJ-CFHT-1795,0.014824954,0.938339385,0.014964578,7.21296,4.327776,5559426853,2561947858,6880053197,1810870967,1035290553,283997559.1,8256989633,1849844211,13816416485,9954150126,46.32623995,17.84211805,8.676396396,1.034891385
S-NBJ-CFHT-C343,0.029618133,1.457789911,0.031551203,2.0962715,0.96633345,10691297668,4926865285,9918224020,2352717788,1443107295,356274967.2,11837556722,2399960571,22528854391,15950912042,147.6022098,38.46029965,28.69392183,1.072965463
S-zvipe_z1_1056,0.023565959,1.061692364,0.024611426,3.0692112,1.4148365,18751236277,8641122708,17895934428,4964502247,2523261537,727589985.1,21251872272,5057935898,40003108549,28341681972,139.6515751,25.04287081,11.5263649,1.057034123
S-zvipe_z1_1066,0.015431935,1.009270052,0.015747571,1.2744509,0.5874928,13584088881,6259948793,15963350252,5019744327,2254355972,736903173,18961643694,5114527574,32545732575,23325338204,153.2876944,26.18732081,10.21574518,1.036548868
S-zvipe_z1_1069,0.0172627,1.085063645,0.017890106,2.111762,0.97347414,20185052169,9301867359,17894280785,4705071831,2520899361,688963437.4,21247076935,4793469077,41432129103,29306562564,193.7821022,36.96890668,12.16364243,1.041301553
S-zvipe_z1_1070,0.012376005,0.83684643,0.012461602,5.798157,3.4788947,6745752740,3108641815,8125584015,2176055116,1211824230,338102459.9,9737310241,2222031642,16483062980,11845690809,149.8430682,44.10777764,6.868255294,1.029008128
S-zvipe_z1_1172,0.017477666,0.996721286,0.017820316,3.7403374,1.7242104,10593277028,4881694483,10933163540,2833904232,1591654180,429386626.5,13050063599,2890873635,23643340627,16808381187,72.08830936,20.99000283,9.924789085,1.04147542
S-zvipe_z1_1304,0.012385935,1.158523137,0.01265304,1.2737037,0.58714837,29993697066,13821980215,30886713680,9947787560,4198937773,1403731894,36471300918,10121463814,66464997984,47220521538,104.3486919,18.4030791,14.40532752,1.029246759
S-zvipe_z1_1315,0.022767224,1.307224416,0.023657197,2.99501,1.3806314,12275247849,5656796244,12463132412,3311302947,1798628977,497187220.5,14855308951,3376683384,27130556800,19270752808,164.8770049,21.80724068,20.28730768,1.054902785
S-zvipe_z1_1318,0.02518549,1.18913788,0.026439465,3.1471405,0,13836617479,6376321419,14216135278,0,2016138301,0,16897599219,inf,30734216697,21839891085,124.4435435,21.58612891,15.45745105,1.061238336
S-zvipe_z1_1322,0.013617202,1.070979847,0.013958371,2.5947118,1.5568272,21331943555,9830388735,20317701960,5869763488,2846449888,854561672.8,24103480311,5978788172,45435423866,32187413362,81.13658681,12.62975679,11.7755133,1.032256961
S-zvipe_z1_1530,0.011935748,0.95852403,0.011851049,2.990567,1.3785833,10496155066,4836937818,11251085275,3014555601,1636780950,456422886.9,13428003938,3075068454,23924159004,17043490280,50.71958274,19.11042263,9.089165881,1.027763999
S-zvipe_z1_1531,0.01974283,1.012326978,0.020278717,1.214008,0.55963004,93117182123,42911143836,68105326929,20593483917,8826527679,2765408654,79844608742,20919350279,1.73E+11,1.23E+11,82.33177693,18.24193209,10.28790577,1.047154723
S-zvipe_z1_1532,0.017766744,0.955041724,0.018488833,2.934177,0,5875296754,2707510025,7575803266,0,1129670744,0,9078265356,inf,14953562110,10813603184,58.51138,19.92747331,9.016577584,1.04262453
S-zvipe_z1_1538,0.017694811,1.030311929,0.018198705,2.8297935,1.6978761,7816824443,3602223246,8668470420,2341294538,1274725780,358484220.6,10363855707,2389347842,18180680151,12981226810,127.2741663,23.2248833,10.72289192,1.04218983
S-zvipe_z1_1540,0.046539906,1.658113467,0.049297004,2.2117953,1.0195873,8337392296,3842116266,9160776339,2439518092,1342955533,372321186.9,10946907198,2489268741,19284299494,13760337478,137.2061483,27.0407733,45.51069489,1.116659186
S-zvipe_z1_1542,0.011987783,1.012886776,0.012202239,2.112905,0.9740011,40274474332,18559665591,34067960292,9680892091,4642204171,1369373238,40242091840,9850719923,80516566173,56933814543,158.7259508,27.20380839,10.30117525,1.028241253
S-zvipe_z1_1543,0.018024838,1.209388419,0.018460571,2.1840549,1.0067996,31407289586,14473405339,28974167670,8493203592,3983331991,1212503411,34271999218,8644945418,65679288803,46486425648,118.4524554,23.91825539,16.19527844,1.042900221
S-zvipe_z1_1577,0.042947946,1.737570582,0.023790993,2.1835556,1.0065694,14224277281,6554966489,14103608783,3837638078,2015241778,570287684.1,16783880348,3911874474,31008157629,22000652347,138.5069669,31.15921641,54.6475356,1.080127663
S-zvipe_z1_1580,0.010455995,0.915234763,0.010632383,2.4587634,1.4752581,13964649070,6435322152,14452524001,4116052144,2066955308,612233309.3,17201574562,4195821895,31166223631,22156389395,95.53045216,19.77799577,8.226872439,1.024576046
S-zvipe_z1_1991,0.010721352,0.819766599,0.010781252,3.542403,2.125442,22963093588,10582070778,24318434166,7462323411,3401095060,1084480835,28841890596,7600438911,51804984184,36866764440,127.095377,15.06535063,6.603384695,1.025064759
S-zvipe_z1_2064,0.019755854,1.119192229,0.02008561,2.2665305,1.044819,38817742712,17888360697,37661969666,11760102615,5108800964,1655697087,44456674947,11964495693,83274417659,59018752076,150.5151974,20.2635815,13.15807111,1.046937517
S-zvipe_z1_2597,0.015790235,1.138480714,0.016065835,5.341929,3.2051578,4797666775,2210906348,7544378863,2359057107,1130178405,368244798.3,9047516142,2409361069,13845182918,10240857134,98.91834042,22.28083981,13.75563723,1.037356558
S-zvipe_z1_2603,0.019903037,1.121517415,0.02086864,2.123207,0.97875017,5715185029,2633725820,6584791372,1629528479,988200025,254842714.7,7899097405,1664404980,13614282435,9749824600,60.54553508,21.34281826,13.22870754,1.048059906
S-zvipe_z1_2740,0.022100391,1.011357543,0.023219867,1.2762972,0.76577836,16033556802,7388735853,16459242307,4723690903,2342665714,699112889,19574987707,4814334974,35608544509,25303262388,103.3212626,25.08945506,10.26496665,1.05356295
S-zvipe_z1_3488,0.047775224,1.296066634,0.055198788,1.2687074,0.5848452,21929560999,10105788479,21971960116,6752469562,3033018561,968083879.1,26005874802,6874127887,47935435801,34017806658,140.3921189,33.74312631,19.7727299,1.125907903
S-zvipe_z1_3500,0.054880933,1.231125028,0.061868313,1.2165413,0.7299248,5768068202,2658095946,6000749196,1387144149,899929848.1,216780189.7,7197655894,1416790725,12965724096,9223711896,35.09778019,11.92607195,17.02648611,1.143901621
S-zvipe_z1_817,0.02029461,0.832025419,0.021088635,3.5207057,2.1124234,2812095773,1295896670,3796532806,965904308.8,585222685.2,155335972.7,4574878977,987751684.1,7386974750,5370046582,30.23836088,11.94113147,6.792433873,1.048797887
S-zvipe_z1_819,0.020576637,0.731832908,0.021455969,3.301965,1.981179,1448873195,667683500.2,2329187866,557355584.2,371830228,92970867.79,2823722070,570907067.6,4272595265,3173742249,48.09855492,10.22887417,5.39303089,1.049582366
S-zvvd_z1_186,0.019875031,1.035489213,0.020923007,3.8056493,1.7543176,53092153360,24466430120,38179508147,10162534770,5131513960,1417164155,45004421714,10335844947,98096575075,69600105763,143.5108844,25.69150107,10.85148597,1.048091828
S-zvvd_z1_206,0.02472748,1.033835203,0.025951365,5.2066064,2.400127,29176318343,13445307992,23912283123,6299502459,3311804244,906253117.1,28316982767,6413775756,57493301111,40658443958,91.54644553,22.39299824,10.81023668,1.060082961
S-zvvd_z1_450,0.018676585,1.014760875,0.01900255,6.1531253,2.8364508,22963093588,10582070778,20315868547,5533560326,2836303162,802706209.8,24088151752,5635606273,47051245340,33279764452,66.20318226,19.86529145,10.34572368,1.044334434
S-zvvd_z1_475,0.019775295,1.06199475,0.020432199,3.2928438,1.517926,52605390476,24242115427,45008490392,13767803693,6002996806,1904655054,52992476144,13998909825,1.06E+11,74669469229,97.04418058,26.89442539,11.53439314,1.047379021
U-HiZ_z1_132,0.021768703,1.07381025,0.022849538,2.4271846,0.94784594,22752561881,10485051558,20123382960,5392861889,2810242316,782531260.2,23861005241,5492372385,46613567122,32970087098,65.34578418,16.06835455,11.85250781,1.052711718
U-HiZ_z1_139,0.022770168,0.920234814,0.023510296,1.8334421,0.715982,10790225304,4972454057,12347076078,3478886958,1789006187,524523438.2,14726454307,3548143570,25516679610,18256434990,129.986573,25.70123427,8.322136094,1.054727791
U-HiZ_z1_204,0.012157723,0.904776656,0.012140233,1.8285182,0.7140592,11092515006,5111758067,12174763010,3349821447,1762026959,504464315.4,14518258866,3416351988,25610773872,18270843704,141.1793017,21.84058471,8.031130003,1.028369005
U-HiZ_z1_205,0.024032553,1.185572366,0.025068541,2.4331105,0.9501601,29718706930,13695256650,23584446330,6106388407,3250697944,874086018.7,27907874595,6216065124,57626581525,40768259786,193.3819464,44.75070998,15.33106644,1.05815882
U-HiZ_z1_208,0.014591291,1.214324002,0.015018109,4.9710264,1.941248,9661180066,4452156712,11594916075,3295555836,1690485340,500102594.3,13843261578,3362007550,23504441643,16881181575,193.6978901,40.19440199,16.38038112,1.034676898
U-HiZ_z1_31,0.010884598,1.16839283,0.010913116,2.957641,1.1549958,6095792477,2809120957,8438521469,2418461723,1259742749,376154386.2,10113979325,2469664455,16209771802,11808948459,123.9050798,20.34440065,14.73644849,1.02541309
U-HiZ_z1_44,0.045321326,1.734925054,0.025425483,3.4721093,1.3559021,37759827560,17400842194,30358917112,8208291009,4141331605,1162392894,35866888147,8352610570,73626715707,52079153629,244.7290322,46.77499569,54.3156591,1.085143886
U-HiZ_z1_84,0.021928929,0.945298023,0.022740594,2.1870446,0,1663528425,766602961,2869532292,0,459056982.1,0,3480078078,inf,5143606504,3857236090,47.65409073,10.05526585,8.816536768,1.052773516
U-HiZ_z1_96,0.011923994,1.039426869,0.01206651,1.748568,1.0491409,32887446455,15155505279,29530630807,8752253957,4052280849,1247072138,34920164337,8908025764,67807610792,47968760789,302.1340543,46.42331264,10.95032146,1.028005073
U-zuds_z1_100,0.010325758,0.917038035,0.010537587,2.1460745,0,6442137059,2968726755,9136672093,0,1361849641,0,10947932116,inf,17390069175,12702690562,90.35794537,23.3265891,8.26110297,1.024310644
U-zuds_z1_113,0.00982997,0.830732864,0.009718026,2.3846338,0,2660910828,1226226188,4944745314,0,764013873.2,0,5960883766,inf,8621794594,6527831317,84.03650718,19.30908487,6.772248158,1.02276063
U-zuds_z1_118,0.021898801,0.849977687,0.02233618,3.3151658,1.9890995,15596615395,7187380367,16678115609,5282094593,2324872012,765009820.5,19770195385,5379196443,35366810780,25181640879,160.5091208,40.45431376,7.07909413,1.052246635
U-zuds_z1_139,0.013622837,0.933589473,0.013776345,1.9598911,0.76536196,10116490353,4661977121,12482574706,3737528429,1802868385,561648995.9,14880389658,3811445598,24996880010,17993592566,127.8687312,19.76879983,8.582019017,1.03204729
U-zuds_z1_147,0.012577969,1.762004751,0.005963514,3.6747413,1.4350324,33191757252,15295740669,28601289891,8132695032,3905423073,1152868509,33795502578,8275976301,66987259830,47369069486,161.1712975,47.92858046,57.8102372,1.021605762
U-zuds_z1_188,0.026430744,1.139119418,0.028031259,3.2073195,0.9621959,9931856852,4576892559,12794764610,3870043810,1847054898,581266682.7,15251347624,3946504659,25183204476,18200147936,73.46170777,19.60037354,13.77588212,1.064710994
U-zuds_z1_220,0.014897969,0.894695963,0.015328326,5.226306,3.1357837,1694456443,780855503.6,2974076729,801210864.1,471039710.4,132547930.4,3600559544,820375872,5295015986,3979348146,63.84170159,21.80420796,7.846861067,1.035412016
U-zudsp_z1_115,0.013821077,1.011743253,0.014083355,1.800763,0.7032204,16181916890,7457104558,17910530086,5225039671,2547467762,772757534.4,21298662210,5325161560,37480579100,26748597088,173.3458797,21.8292965,10.27408733,1.032647827
U-zudsp_z1_120,0.102172256,1.628723861,0.089330774,1.2405124,0.74430746,6039904642,2783366194,8189472948,2359842030,1224297901,367579499.1,9817789156,2409949954,15857693797,11526900363,219.4510387,40.64164377,42.53278897,1.246806267
U-zudsp_z1_55,0.012830554,0.869378118,0.012858552,2.380947,0.7142841,1710135416,788080836.9,3130985666,867596589.5,493116145.4,142691642.7,3786830139,888110492.4,5496965555,4155074686,85.23528768,18.76896457,7.402494917,1.03001738
U-zudsp_z1_79,0.014174349,0.910244782,0.014191519,3.5072389,2.1043434,3741363420,1724130608,5519537433,1508598026,847436138.2,241605633.2,6646627496,1542441085,10387990917,7627283745,56.51946937,15.18279678,8.132887813,1.033196519
U-zvipe_z1_1081,0.032964427,1.203323572,0.035737184,7.7281384,3.0179346,6383073845,2941508684,9150316215,2753890307,1355799454,424992833.2,10953529489,2811300164,17336603334,12677674865,40.37367531,17.38530214,15.97068603,1.082313357
U-zvipe_z1_1821,0.009654687,1.140862647,0.00993656,3.5039103,1.3683208,13092728075,6033515242,17040902381,5300121038,2445338988,791114764.9,20293203234,5403551732,33385931309,24150230350,139.9487713,22.80621881,13.83128872,1.022811604
U-zvipe_z1_1838,0.021427094,1.232291134,0.022365813,3.825385,1.4938607,4753680499,2190636175,6032435066,1504232506,915995866.5,238143742.7,7250709569,1537216338,12004390068,8670078866,80.42800109,20.21425756,17.07226463,1.051711704
U-zvipe_z1_247,0.020881145,0.990654499,0.021519784,3.488066,1.3621334,7328759666,3377308602,10462591927,3147838241,1546776177,484658592.9,12519804242,3213158804,19848563908,14507109171,138.1801695,32.17291371,9.787110672,1.050027278
U-zvipe_z1_249,0.010264989,0.993664246,0.010276285,1.924246,0.7514421,17580451641,8101590618,19146891100,5734962260,2695481833,839161247.1,22731881938,5842553948,40312333579,28736922875,207.5396633,38.494969,9.855172844,1.023930872
U-zvipe_z1_251,0.01368568,0.85285297,0.013673885,1.8301002,0.714677,11940705710,5502629359,15451893295,4734525277,2227885945,710195756.8,18414981602,4827828069,30355687312,21947482777,106.9426261,20.08777207,7.126117355,1.032000202
U-zvipe_z1_4550,0.014789838,1.058816562,0.015045127,1.9356444,0.7558933,24267787453,11183312190,23503801282,6890932156,3255688935,991481898.7,27833867566,7015970282,52101655019,36927627754,85.81977705,18.83659495,11.450292,1.034945549
U-zvipe_z1_4553,0.038457269,1.20485777,0.04207959,2.6497772,1.0347711,19634975527,9048375819,19881156628,5883652397,2773446501,852798909.5,23569840475,5991980167,43204816001,30676858443,148.7240648,36.47193936,16.02720421,1.09716566
U-zvipe_z1_4555,0.028187423,1.097937191,0.029997433,1.2161971,0.47494018,11615301383,5352673449,14110744164,4254902252,2025989573,635468125.8,16805310296,4338030649,28420611680,20428746422,126.9576078,20.39183619,12.52959956,1.069284744
U-zvipe_z1_4563,0.030772205,1.536758673,0.03229235,5.3542953,2.0909193,10990815899,5064892119,12884928330,3796442214,1853105368,567990670,15349558470,3870871262,26340374369,18878744114,142.8028153,15.70641498,34.41586372,1.075308164
U-zvipe_z1_4742,0.017327885,0.976232416,0.017946295,2.9701536,1.1598821,4932082759,2272849198,5993212966,1498315849,904256776.3,235635752.4,7195874478,1530740721,12127957238,8723878143,114.8563892,18.11812272,9.46743682,1.041447064
U-zvipe_z1_4766,0.022859981,1.123700934,0.023887577,3.180804,0.9542412,6039904642,2783366194,6198944573,1322521998,928969290.8,206522744.8,7434473730,1350744583,13474378371,9578718480,89.0090702,26.92779194,13.29538551,1.055295492
U-zvipe_z1_4773,0.02247151,0.89534695,0.02309539,1.6582869,0.4974861,4977719809,2293880096,5450391362,1231328787,820236027.5,193127247.6,6541305278,1257834349,11519025087,8219876474,121.5085191,21.36116713,7.858631964,1.053861556
U-zvipe_z1_4774,0.015696499,0.854982363,0.0162435,2.7743428,0.83230287,8730315361,4023186802,11857365604,3698578810,1711773966,555527499.4,14134024979,3771655719,22864340340,16612918720,59.56863034,11.21786048,7.161143272,1.037456952
U-zvipe_z1_4777,0.011725693,1.015872004,0.011836953,3.2386749,1.264743,11195155145,5159057671,13724418192,4176643323,1968931706,623256631,16343097361,4258107159,27538252507,19809803888,141.252049,27.68152113,10.37222679,1.027498808
U-zvipe_z1_4780,0.009334501,0.909287503,0.009431227,3.1073668,1.2134656,11722758323,5402192776,14759633906,4516796529,2121109219,675228809.4,17580709168,4605209272,29303467491,21130650665,171.539506,18.27843608,8.11498092,1.021839924
U-zvipe_z1_4857,0.008811821,0.800736408,0.008943773,3.7270985,2.2362592,7816824443,3602223246,10125280800,3066515093,1482349527,467357218.9,12096805672,3128878849,19913630115,14402619617,137.5515907,31.87287623,6.320281299,1.020652261
U-zvipe_z1_4958,0.009693895,1.019705609,0.009742737,1.7474563,0.6824035,9484839655,4370893850,10196725074,2618806538,1493859142,399415757.3,12183557732,2672142495,21668397387,15440248129,148.8847959,26.38677342,10.46418981,1.0226295
U-zvipe_z1_5083,0.03678209,1.537638498,0.038938746,4.716829,1.8419807,15740932421,7253885908,18895895231,6063604763,2645363180,882125509.3,22414228260,6176063807,38155160682,27389315106,147.0732483,24.47406025,34.48565653,1.091092968
U-zvipe_z1_5101,0.02035943,1.434221681,0.021095809,5.7033997,2.227249,6683905897,3080140966,8925152015,2498427516,1330959421,388157373.5,10695328045,2551206264,17379233942,12612083096,108.079945,23.2451471,27.17826201,1.04888476
