KID,Name,File_names,Redshift,PSF,INC,Re,Re_err,Rgas,Rgas_err,SFR,SFR_err,Mstar,Mstar_err,Mgas,Mgas_err,Mbar,Mbar_err,VRe,VRe_err,VRopt,VRopt_err,VRout,VRout_err
KROSS,C-HiZ_z1_245,C-HiZ_z1_245,0.833362054003167,0.544938027858734,61.5276364390461,3.4952984,1.0485896,17.727100179862212,7.505464376535571,13.087707195288148,0.6543853597644074,7962153419.22227,3669195124.065562,3994179192.355865,814676790.2554562,11956332611.578136,8907825463.70782,119.88856465480625,21.671285367679864,158.32356107704854,27.52554534877316,189.23366697971016,21.235201573230665
KROSS,C-HiZ_z1_258,C-HiZ_z1_258,0.837600692549843,0.544938027858734,50.5938354956762,4.6041574,1.3812473,19.07991964914128,8.095464199915511,9.053877507363111,0.4526938753681556,10691297668.4087,4926865284.980968,3572022443.3128414,728571208.0695182,14263320111.721542,11272230931.366337,136.19095043847818,25.11485607423285,147.82256131504175,29.14813957285208,166.1382457429277,23.318485451218883
KROSS,C-HiZ_z1_267,C-HiZ_z1_267,0.839406416427833,0.544938027858734,31.0983058801545,4.431997,1.3295991,12.19233411922718,5.130343852284632,4.936622663510457,0.2468311331755228,2254395961.09858,1038892147.971696,1770264716.9727435,361073651.9005113,4024660678.0713234,2866380700.042508,91.1532710038235,9.64105222741918,89.70315756257924,7.93751543429812,89.70315756257924,7.93751543429812
KROSS,C-HiZ_z1_275,C-HiZ_z1_275,0.850856040719295,0.864396035671234,63.7515587259345,2.456358,0.7369074,7.979484820766549,3.3177224398011855,15.474694167771585,0.7737347083885789,8260952881.6871,3806890728.888065,4421269145.657243,901788638.9204528,12682222027.344343,9369683205.519552,131.43214810768728,21.137647207039365,133.41872647811573,22.52036253968496,131.08419289589665,19.77334278938584
KROSS,C-HiZ_z1_277,C-HiZ_z1_277,0.838362986672631,0.719727993011475,36.7080244458851,4.153598,1.2460794,15.031353776344217,6.359772176753824,5.330859076137712,0.2665429538068856,10691297668.4087,4926865284.980968,2727188488.8215604,556253787.3371145,13418486157.23026,11033648666.152197,65.93706768911888,18.238375905791703,83.56992497638944,25.695048463660807,90.49048446256228,30.6862027729899
KROSS,C-HiZ_z1_285,C-HiZ_z1_285,0.833803935874193,0.544938027858734,71.3147182776239,1.5820578,0.4746174,19.344903899091822,8.167862299519815,8.318634285185079,0.4159317142592539,4886864121.89403,2252011116.0801983,2801723431.9671903,571456269.3294708,7688587553.861219,5633036049.510878,105.7800099432954,26.732453745752835,104.65154026789082,22.757624899804384,129.94388986785526,26.428566690977966
KROSS,C-HiZ_z1_289,C-HiZ_z1_289,0.842692496949874,0.719727993011475,46.2917739054202,3.7175689,1.1152707,9.809000520453552,4.070152814616236,13.122845953400638,0.656142297670032,11298745023.8063,5206794941.846221,4385090169.828161,894409408.2819215,15683835193.63446,12119845498.623783,96.35709473898996,23.89868511595982,97.61934721735426,22.77156247450648,112.4580339109086,28.156179974828103
KROSS,C-HiZ_z1_297,C-HiZ_z1_297,0.840623489072706,0.719727993011475,36.1190977595172,3.7084405,1.1125323,6.657541362902495,2.7702623570704814,16.991881287908335,0.8495940643954166,22337271401.4147,10293673456.873133,5938093505.713326,1211169432.595048,28275364907.128025,23113083916.75706,164.35343270485086,27.35576544185776,160.22561410471042,31.631746703927902,160.22561410471042,31.631746703927902
KROSS,C-HiZ_z1_314,C-HiZ_z1_314,0.834880298504295,0.738352000713348,42.3759501838744,1.7687768,0.53063303,6.2145401799303635,2.5900015785717354,30.082615378693877,1.504130768934694,10023757306.4554,4619242998.366545,6476650194.29871,1321016558.3964474,16500407500.75411,11934098553.222507,231.2961428748696,34.94238814797113,208.06185601980488,30.933989545472592,186.56709971915143,29.334539002615475
KROSS,C-HiZ_z1_317,C-HiZ_z1_317,0.853780219124342,0.738352000713348,68.8397213445915,3.9519444,1.1855834,12.153843508705984,5.08980101372188,23.78170893132925,1.1890854465664624,19634975526.5671,9048375818.694515,6849036635.091467,1396970883.2872033,26484012161.65857,20795229423.06033,142.79315133064316,24.44349128674048,159.36799072471476,26.42481210398381,159.36799072471476,26.42481210398381
KROSS,C-HiZ_z1_319,C-HiZ_z1_319,0.840024327278409,0.719727993011475,73.8672125870908,7.07452,2.1223562,47.9500708240747,20.560226454783404,5.157280991807532,0.2578640495903766,13584088880.6634,6259948792.932444,2850479405.141186,581400968.2032691,16434568285.804586,13879938888.802685,170.055942479536,37.31419896121147,167.64188016534143,52.76560526443829,167.64188016534143,52.76560526443829
KROSS,C-HiZ_z1_340,C-HiZ_z1_340,0.835543867100698,0.738352000713348,46.7583235970958,2.2292604,0.6687782,5.561938432141413,2.3111883121226775,10.394740896859652,0.5197370448429827,17101354746.6145,7880808638.992858,4313376368.845748,879782280.6677781,21414731115.460247,17636937088.646408,173.0594207985065,21.54794039235428,195.2268598624192,20.890756305075183,172.89389514727344,44.92448077701045
KROSS,C-HiZ_z1_90,C-HiZ_z1_90,0.854808919275469,0.540224015712738,63.3914876376286,2.5611658,0.76834977,11.30884390899622,4.752891048999999,12.426829250175471,0.6213414625087736,3673080745.07809,1692663937.824005,3230518376.196282,658915792.1785904,6903599121.274372,4891602103.48361,67.39871731038758,24.22652735180157,81.81633824527336,21.84877451383903,81.81633824527336,21.84877451383903
KROSS,C-zcos_z1_1015,C-zcos_z1_1015,0.88859470099343,0.540224015712738,66.9199422387446,7.291261,2.1873784,30.843766821561378,12.911194393549334,9.852477811785189,0.4926238905892592,28643778433.9351,13199897895.822628,4845026166.701873,988220843.5604042,33488804600.63697,29050650965.65637,173.2119622114421,35.53785826217784,245.81892596577944,27.563253232369487,223.978376426574,54.96379243322696
KROSS,C-zcos_z1_1021,C-zcos_z1_1021,0.927272552624575,0.540224015712738,63.4272703969818,3.6876013,1.1062804,7.630954721330398,3.178042283530247,11.303667669088298,0.5651833834544149,7603789464.20346,3504050444.333392,3796824201.24029,774423107.0305493,11400613665.44375,8499028663.974225,121.02184434298192,19.93679074088449,87.59266848880303,21.275228054153622,87.59266848880303,21.275228054153622
KROSS,C-zcos_z1_156,C-zcos_z1_156,0.868009194274421,0.738352000713348,54.0195061237679,2.1255233,0.63765705,11.13990264523415,4.656607648749395,14.498310418154508,0.7249155209077254,6808171857.36773,3137406385.8837466,4101928170.477208,836653903.5787079,10910100027.844938,7948397244.426606,106.88027878522335,26.758625250917092,115.79159512063094,25.33229445489616,112.19786227284597,24.37199489922501
KROSS,C-zcos_z1_162,C-zcos_z1_162,0.960409965112534,0.738352000713348,42.0972853173802,5.1750646,1.5525194,10.042404263894296,4.170816691222226,26.738354870484056,1.3369177435242028,39176927126.7577,18053883468.551933,8833288674.761301,1801691041.4463289,48010215801.519,40160410952.914185,147.44857371198498,19.22522814565939,162.9437903154067,29.745730041868548,137.6765298386779,41.79899543164739
KROSS,C-zcos_z1_166,C-zcos_z1_166,0.923378805475575,0.738352000713348,48.7071265877895,2.7665849,0.8299755,10.87684774556804,4.650251471199052,13.902490784911638,0.6951245392455818,6745752739.6155,3108641815.4910145,4092337256.3035374,834697704.8856949,10838089995.919037,7890019280.290764,69.33785381411656,24.392081238438177,76.23306555810433,19.44092913380634,81.34499236882452,24.168524625538588
KROSS,C-zcos_z1_189,C-zcos_z1_189,0.937734238800976,0.544938027858734,50.4910501849683,4.3405485,1.3021647,15.457025161667763,6.664412474480214,24.72200856505924,1.2361004282529615,14758078399.7308,6800957787.894379,6670548653.583864,1360565380.743552,21428627053.314667,16195588825.122423,70.16975294967835,17.72617079810181,124.40150071877608,42.37038390504681,124.40150071877608,42.37038390504681
KROSS,C-zcos_z1_192,C-zcos_z1_192,0.914106107187718,0.544938027858734,33.4048098404057,3.5357754,1.0607326,8.64550955410579,3.5868583020469043,26.463765541882594,1.3231882770941297,9750575921.15481,4493352959.057516,6197141061.3832855,1264006226.5601766,15947716982.538095,11553280405.533606,93.42240969354243,19.1085198058537,115.78576340984355,24.91583434811718,133.7955730047916,33.293298866429005
KROSS,C-zcos_z1_197,C-zcos_z1_197,0.837415524117768,0.544938027858734,40.7686302913491,3.6033008,1.0809903,6.854073411594169,2.8603615673101084,6.302864241348513,0.3151432120674256,3990529604.81999,1838953734.940088,2314270010.891516,472032320.2206652,6304799615.711506,4613043703.48435,57.05467137341706,18.788922735765333,94.7339066584145,25.302795030807903,94.7339066584145,25.302795030807903
KROSS,C-zcos_z1_198,C-zcos_z1_198,0.95912955760026,0.544938027858734,68.625401228381,5.584179,1.6752537,25.15306573352951,10.845118817989103,16.37497244866071,0.8187486224330354,14224277280.6578,6554966488.782397,5391607095.631855,1099704739.3049667,19615884376.289658,15211820773.02732,90.95177169108834,17.170778588036125,76.13587961333076,16.263028747546443,76.13587961333076,16.263028747546443
KROSS,C-zcos_z1_2,C-zcos_z1_2,0.896927556077255,0.544938027858734,57.2959272451797,6.1939964,1.858199,9.013051298294908,3.7461479090287675,9.861761822695067,0.4930880911347534,17580451640.9271,8101590617.938757,4306254194.5571575,878329615.7063307,21886705835.48426,18100168648.02971,195.441490199318,39.620770229897,224.4377223917797,40.01265173009256,224.4377223917797,40.01265173009256
KROSS,C-zcos_z1_200,C-zcos_z1_200,0.955678747032042,0.544938027858734,39.6624753702348,3.176221,0.9528663,10.59114869962267,4.443075550205846,18.413009753030032,0.9206504876515014,4416009702.75437,2035027512.790032,4315912714.940049,880299418.3458498,8731922417.69442,6174807224.343277,90.6629179261448,23.589579716932768,64.37217376152964,10.524827967132106,70.49558502236593,18.569324039362755
KROSS,C-zcos_z1_202,C-zcos_z1_202,0.840891432150741,0.544938027858734,53.2512318199048,3.161079,0.9483237,14.259598848944265,5.941472657201341,58.11813223770885,2.905906611885442,18924743322.3092,8721079872.031889,10662841428.863506,2174857530.315417,29587584751.172707,21721926644.57678,151.54007470990226,29.22930395829942,143.78273425816056,23.29758022745189,162.5523950210312,32.062232022320266
KROSS,C-zcos_z1_354,C-zcos_z1_354,0.838741877969311,0.738352000713348,36.9638207802593,2.0538583,0.6161575,8.798953581670519,3.6601127119121575,13.6973578159741,0.6848678907987049,3443735869.87538,1586975055.2421107,3314584146.444615,676062318.9673268,6758320016.319995,4779726436.243848,78.58910940006976,23.970724389625264,79.43165450668482,21.434479681459656,90.13568227895225,18.940595126806706
KROSS,C-zcos_z1_356,C-zcos_z1_356,0.970478480042079,0.738352000713348,27.6291441859696,2.4829235,0.7448771,11.494192556178378,4.771130972106674,51.65227726105011,2.582613863052505,15453621506.0599,7121484565.004563,9911953456.396154,2021701902.2010915,25365574962.45605,18359227624.666588,75.4792803765653,20.38428532002467,99.84906210106008,13.970735144225255,113.71273845249542,16.788712193873927
KROSS,C-zcos_z1_460,C-zcos_z1_460,0.8962286235322,0.843818008899689,60.7953237239398,5.50943,1.652829,29.677577311342525,12.616500744410516,10.625629343636769,0.5312814671818383,16789212762.1344,7736964406.513548,4421869302.514956,901911166.6865708,21211082064.649357,17361756630.61606,165.750925797679,34.79715118797568,194.82748327944697,29.673784605445228,236.55570964675056,33.830207767152054
KROSS,C-zcos_z1_472,C-zcos_z1_472,0.886578262609053,0.843818008899689,34.621240129845,3.236356,0.97090685,9.493028875924121,4.003065248507504,6.369081356438612,0.3184540678219306,7194991691.41558,3315664373.9242306,2753663304.178394,561653717.2255164,9948654995.593971,7703931920.280572,80.98768473662581,19.118959568500035,67.02620230283668,15.464424836793023,72.07895402057893,20.44751362070427
KROSS,C-zcos_z1_493,C-zcos_z1_493,0.888067460218673,0.600660026073456,43.9492911034831,4.303485,1.2910455,18.752198734944816,7.97864097952889,21.456908772685217,1.0728454386342607,4102324861.31627,1890472286.3208616,4454582888.87654,908583353.2861184,8556907750.19281,6055772286.145279,59.40520412956694,17.97678750368301,47.16220816896767,14.16645112899771,56.053755539921205,17.042246822673746
KROSS,C-zcos_z1_593,C-zcos_z1_593,0.924073321675848,0.812395989894867,72.114469250196,3.7753708,1.1326113,53.77386767252122,21.81662198989231,12.108904543929766,0.6054452271964882,4797666775.39756,2210906348.109475,3510930294.388853,716110383.7060715,8308597069.786413,5945102019.293783,179.16226108354064,27.2613150146598,169.4174137619871,16.480369154818913,183.37699678995608,18.68049785872245
KROSS,C-zcos_z1_642,C-zcos_z1_642,0.917786347062558,0.546532034873962,42.3692596039773,3.0503702,0.9151111,12.287649622449022,5.129806662829656,28.206133682595365,1.410306684129768,9484839655.18351,4370893850.314982,6366828920.43489,1298616780.2320845,15851668575.6184,11423602487.246643,96.20673569450402,24.898310070418464,97.11465545387698,19.949004342253133,96.90802308808932,22.70809959643014
KROSS,C-zcos_z1_644,C-zcos_z1_644,0.91394965782056,0.546532034873962,56.2602741960228,4.3298044,1.2989414,13.980644377677152,6.058437313122468,12.954744238821316,0.6477372119410657,11403293429.7909,5254973930.779217,4472975851.293596,912335125.5085428,15876269281.084496,12249188300.135157,163.1257396648978,24.069376364240444,158.08978185332057,22.822827596677374,158.08978185332057,22.822827596677374
KROSS,C-zcos_z1_659,C-zcos_z1_659,0.981667108816392,0.546532034873962,53.9197560410107,3.1556273,0.94668823,15.142153432311924,6.3590545037095065,12.967913195939529,0.6483956597969764,8974912158.56582,4135904220.537245,4316986563.796375,880518596.7074652,13291898722.362196,9959187780.435265,83.55443635769296,20.66463512830002,84.26293573943005,17.22225529252288,119.1204143335224,13.146652549565989
KROSS,C-zcos_z1_660,C-zcos_z1_660,0.929461340021648,0.546532034873962,65.2058449867963,5.4115973,1.6234792,50.10668822685081,20.66119513989112,11.48624193292637,0.5743120966463185,15032457904.2419,6927399955.871843,4521519708.054945,922236461.071154,19553977612.296844,15697736496.48681,98.15905269621648,24.273651335244505,118.67193908645898,13.743727416691598,156.80023842461298,34.34722928435408
KROSS,C-zcos_z1_670,C-zcos_z1_670,0.879092112507921,0.546532034873962,57.1958445504065,2.6539555,0.7961867,7.22283968635235,3.0569601970485447,30.12515652865019,1.5062578264325093,22337271401.4147,10293673456.873133,8035901211.989425,1639050981.8879614,30373172613.404125,23738774230.1348,209.5711183924904,46.721402677916416,204.89640719752717,38.60612664317974,204.89640719752717,38.60612664317974
KROSS,C-zcos_z1_673,C-zcos_z1_673,0.916525120958086,0.546532034873962,42.5012290407337,5.733666,1.7200999,19.587002200801958,8.615894076075733,6.905665775732355,0.3452832887866177,5164521033.06612,2379963609.7078896,2676185419.748639,545850825.491106,7840706452.814759,5816721232.950531,55.94673939726415,18.88329326986368,113.19003388030976,26.708109796879533,113.19003388030976,26.708109796879533
KROSS,C-zcos_z1_675,C-zcos_z1_675,0.891498808273444,0.546532034873962,57.7829254293562,4.441016,1.332305,10.273113221251872,4.279883934434626,35.356786712200034,1.7678393356100015,21529330140.4895,9921350295.15645,8669044222.7481,1768190655.6156943,30198374363.2376,23209144405.474144,201.34544038698684,38.37943933019249,233.80970265804703,37.500392530031874,247.67199239625637,52.56408403452325
KROSS,C-zcos_z1_685,C-zcos_z1_685,0.867736864568498,0.658190011978149,53.7139373702502,3.475418,1.0426255,9.23138470987672,3.8525839261149777,21.67658561388085,1.0838292806940426,15171554725.0488,6991499873.294377,6150105750.219064,1254412684.5663664,21321660475.267864,16370701680.56422,116.47700706882274,21.985669950223773,115.81712690848916,26.159986046953406,97.89028898421633,23.107631722429826
KROSS,C-zcos_z1_690,C-zcos_z1_690,0.925160285943542,0.658190011978149,51.989322929882,3.250835,0.9752505,13.748939877337962,5.754476538332549,18.231072244550763,0.911553612227538,20942582870.7221,9650959848.259031,6196454835.29046,1263866384.9911282,27139037706.01256,21840051048.998425,146.5626112255599,33.873913819971136,163.75573077223984,30.930420474551514,163.0016251067024,47.11906462078838
KROSS,C-zcos_z1_692,C-zcos_z1_692,0.926978416050857,0.546532034873962,40.1830917556491,4.1659923,1.2497977,10.349730091949164,4.301742092893406,39.77549533729773,1.9887747668648856,24045293967.7856,11080780630.315945,9544217371.162,1946696292.190873,33589511338.9476,25870219311.50212,109.53160250151842,20.312540415379765,159.96387128902032,22.36039790750746,183.5477690577463,15.57870392037344
KROSS,C-zcos_z1_693,C-zcos_z1_693,0.924618181499726,0.658190011978149,56.279372980998,4.155385,1.2466156,11.439246097655689,4.855841809712322,12.881696207956916,0.6440848103978457,6998903763.76578,3225301273.624784,3973554521.0128527,810470071.2784582,10972458284.778631,8048216536.96746,86.26605662173107,25.91599038332013,102.35905346622891,29.838943857180915,102.35905346622891,29.838943857180915
KROSS,C-zcos_z1_698,C-zcos_z1_698,0.926691072515854,0.658190011978149,34.3995775864652,3.0274315,0.90822953,11.767919430881363,4.9319665785836655,13.25557308970598,0.6627786544852989,16635284825.1901,7666029873.359493,4981722591.104619,1016102230.7477672,21617007416.29472,17365202595.706223,140.61380291254116,34.197792084884014,130.69399121795718,26.359505068363596,122.48036141416496,41.010930394258125
KROSS,C-zcos_z1_796,C-zcos_z1_796,0.885444447917447,0.540224015712738,32.6846719408776,3.3286138,0.99858415,9.965737200522634,4.195655886008977,8.333324669264337,0.4166662334632168,4064713663.48798,1873139937.0912352,2740502797.629636,558969328.9820276,6805216461.117616,4902270162.890018,74.30191693358859,10.139428398496106,73.64839058227251,6.050683837125478,73.64839058227251,6.050683837125478
KROSS,C-zcos_z1_925,C-zcos_z1_925,0.912870404082449,0.864396035671234,45.5946815161345,3.7296395,1.118892,10.71081205521224,4.466062127280601,19.898090344484974,0.9949045172242486,15171554725.0488,6991499873.294377,5968436545.592455,1217358352.0986066,21139991270.64125,16303321979.704449,142.97602983506854,24.023288966456956,143.46184683789838,18.54708515522221,156.46470352435955,26.486820510272132
KROSS,E-zmus_z1_107,E-zmus_z1_107,0.96169364551841,0.91650801897049,27.8617791652652,1.4222546,0.4266764,7.744304824615109,3.2221787747660917,7.851439285119391,0.3925719642559696,4335406612.9685,1997883231.7827191,2788712247.505576,568802459.0262663,7124118860.474076,5154868232.95791,78.67060041503817,15.231237373506096,76.78313321949679,14.27858948735361,74.08570490920629,15.529218443859968
KROSS,E-zmus_z1_117,E-zmus_z1_117,0.841633641987028,0.849872052669525,34.5254621532204,2.9573355,0.8872007,9.782663658190812,4.08039987123391,8.618657962794531,0.4309328981397264,15596615395.3587,7187380366.524747,3837412232.42914,782701754.5134206,19434027627.78784,16061760315.49272,62.45949278127888,20.84734310107528,61.72436645233601,16.421254488689854,75.33211027681078,14.851562540036015
KROSS,E-zmus_z1_119,E-zmus_z1_119,0.841298299434541,0.556430041790008,61.7587201033233,4.19094,1.257282,13.51758768449121,5.64207396654105,17.11090646279897,0.8555453231399484,27354567188.459,12605791331.087095,6273268057.075292,1279533683.3436384,33627835245.53429,28064679548.92482,184.64982211358227,24.25334601149448,172.20683540764514,23.7273802697201,182.4525977863881,29.607216443901624
KROSS,E-zmus_z1_12,E-zmus_z1_12,0.976393156660594,0.446330040693283,51.4432118877108,3.91059,1.173177,14.660641936424144,6.105387030942373,49.85195515807873,2.4925977579039365,62665781971.1296,28878240539.691063,13615504636.17217,2777100823.2828627,76281286607.30177,64127858194.00784,191.9154723878969,26.435281801763804,215.76333559256383,21.82128094029993,225.79703623137755,35.54595127533803
KROSS,E-zmus_z1_122,E-zmus_z1_122,0.996927381685542,0.91650801897049,45.4990365430458,4.9662123,1.4898638,15.981784127687689,6.674842431917519,21.35864041568672,1.067932020784336,38817742711.5098,17888360696.548298,7911836167.045681,1613746014.2233713,46729578878.55548,39615833965.10976,126.72724351815246,30.24996945421556,131.79467809876712,25.752584760658145,131.79467809876712,25.752584760658145
KROSS,E-zmus_z1_125,E-zmus_z1_125,0.997852820527072,0.91650801897049,61.6831545172402,2.5132022,0.75396067,10.63378705740967,4.459044696897994,12.785276102715864,0.6392638051357932,12619162838.0521,5815282413.848893,4669476393.552163,952414596.4972404,17288639231.604263,13455381099.144535,140.31023290166925,43.52808307248417,146.9842367158057,26.25132787529195,143.70377913233858,25.98036725717373
KROSS,E-zmus_z1_127,E-zmus_z1_127,0.895530603976106,0.556430041790008,51.190461428185,4.0246596,1.2073978,12.695168751359471,5.333736846101196,6.20391140325851,0.3101955701629255,12275247848.8879,5656796243.727142,3110236391.457354,634382571.480201,15385484240.345251,12663146534.82193,57.378052971112446,17.535919858981966,79.29482343658306,18.4769595592252,79.29482343658306,18.4769595592252
KROSS,E-zmus_z1_146,E-zmus_z1_146,0.862010422847141,0.849872052669525,59.2570222338319,3.146733,0.9440199,14.209719862325201,6.069937459203551,15.732046721531738,0.7866023360765868,32887446455.0866,15155505278.841751,6326755948.500681,1290443419.9971912,39214202403.58728,33490475887.45309,136.54664923083195,31.05412055904881,149.7147594170812,23.20906832723366,141.97102115207358,34.25255727090459
KROSS,E-zmus_z1_166,E-zmus_z1_166,0.975108115765321,0.556430041790008,42.6740196450803,2.4559138,0.73677415,9.395781363625769,3.901895819006194,25.200167436154853,1.2600083718077424,29176318343.3431,13445307992.32401,8009719489.456216,1633710859.1902905,37186037832.79932,30255795450.98548,146.02240711737696,28.12125039786153,143.42844508670268,27.57309550496734,145.8815574476415,26.61551937252324
KROSS,E-zmus_z1_176,E-zmus_z1_176,0.95884628861074,0.556430041790008,70.7528738611824,3.3691907,1.0107572,10.723972117298809,4.481048982880013,24.886261398115344,1.2443130699057672,9931856852.01049,4576892558.53018,6122274585.12211,1248736032.0250883,16054131437.1326,11667220175.537094,125.29266759017663,24.818580561522914,125.81899848413902,26.237898959761324,100.39297310432856,24.576476460878176
KROSS,E-zmus_z1_189,E-zmus_z1_189,0.840015761282798,0.529688000679016,39.2909646780095,3.1578732,0.947362,10.918461788898597,4.57973307024406,9.948705456159187,0.4974352728079593,9226361812.02774,4251779636.879143,3614108043.1244106,737155220.4830613,12840469855.152151,9908962066.423525,87.40372592606808,20.504717937783443,96.3506529983742,20.13934520184181,99.1887379772707,20.15061400959021
KROSS,E-zmus_z1_190,E-zmus_z1_190,0.813877777546905,0.556430041790008,32.5801660751361,1.4539032,0.43617097,8.907415415032986,3.8057411626357247,5.403836903931494,0.2701918451965747,5559426852.60215,2561947858.342005,2302648145.421892,469661901.65894353,7862074998.024042,6017425978.859127,67.42890738086349,25.94359382572477,90.73721120693884,21.58723302715912,120.88892555812966,19.979115720315185
KROSS,E-zmus_z1_207,E-zmus_z1_207,0.820057706060306,0.529688000679016,40.1605893501991,4.284553,1.2853659,12.132926114476913,5.051411933130424,6.9769042031806405,0.348845210159032,28643778433.9351,13199897895.822628,3994745197.050592,814792383.9243344,32638523630.98569,28920996389.50436,66.54820248334427,18.79812453709365,109.70399705839591,25.32577819601609,112.20699622219706,35.15319757037443
KROSS,E-zmus_z1_208,E-zmus_z1_208,0.861795772915053,0.529688000679016,63.5141181236379,1.635211,0.49056333,7.986261825622154,3.369650038779521,9.51563990907018,0.4757819954535091,2296309280.02967,1058207041.4883271,2514954792.7212977,512965061.28636,4811264072.750967,3405588630.3225474,81.38129056080807,21.322726456361096,108.29018577188114,21.25050649900948,93.2728850990789,19.721573703698464
KROSS,E-zmus_z1_21,E-zmus_z1_21,0.839075627006777,0.549914002418518,25.1815296071909,3.1547704,0.9464311,12.215343576906449,5.118483085021207,11.201098497652168,0.5600549248826082,31119339259.7451,14340709336.288063,5218583191.147944,1064413791.6888905,36337922450.89304,31553872765.25727,106.38204997265038,30.39392350942749,111.27273487571998,25.3968626059106,143.18901931210883,44.00327549658963
KROSS,E-zmus_z1_219,E-zmus_z1_219,0.976920281216369,1.02054011821747,61.9708232698227,3.3533795,1.0060139,12.794222138196096,5.333071934688961,59.36428206484848,2.968214103242424,26365149855.0193,12149838642.866035,12107934252.96396,2469607527.4388804,38473084107.98326,29012466264.55121,161.60339723909607,20.931006658181637,166.50038054677972,25.609658962450677,175.34085216658485,42.82857498097469
KROSS,E-zmus_z1_24,E-zmus_z1_24,0.823131685449468,0.718919992446899,73.7041699695031,3.9,1.1700001,31.0775324681547,13.603909337712004,9.869829884935715,0.4934914942467857,13092728075.2733,6033515242.061429,3909527793.681064,797410854.6044093,17002255868.954365,13663964871.976744,159.0437352414636,31.986892941447994,139.37044474472566,20.54820954284617,138.3600547351517,28.73689640484078
KROSS,E-zmus_z1_35,E-zmus_z1_35,0.804665061344033,0.549914002418518,51.8440542277182,3.724687,1.1174061,18.52942426242758,7.754509116934596,7.120298940199317,0.3560149470099658,24267787452.7229,11183312190.194883,3852747467.911504,785829654.0551711,28120534920.634403,24571714854.727448,157.17342148878512,23.87749698134653,195.84010648451385,19.687730862834517,223.56448395427316,26.709486317635204
KROSS,E-zmus_z1_49,E-zmus_z1_49,0.981514334591861,0.549914002418518,64.7709408409778,5.3665767,1.609973,57.77503118756096,23.283977496082535,17.831990897302852,0.8915995448651425,19276588701.8452,8883220599.928663,6091760678.568875,1242512335.9145172,25368349380.414078,20216241494.03306,131.55510260326184,28.706986641363,133.90412564286032,24.57170164889257,120.15656980245738,22.48201505988502
KROSS,E-zmus_z1_53,E-zmus_z1_53,0.8321640402943,0.747198045253754,63.3265608092825,2.7186131,0.81558394,8.73327205059252,3.7437266460767304,6.01370629418618,0.300685314709309,4375522559.44983,2016369843.0644376,2307121020.135861,470574183.91721314,6682643579.585691,4946514436.429669,88.32219922244998,25.25964448039909,105.38533183031178,25.572955381663427,93.78853310537636,23.966401412072766
KROSS,E-zmus_z1_55,E-zmus_z1_55,0.885166989432031,0.549914002418518,49.3970281566321,3.5452166,1.063565,22.31015785428163,9.599804489034078,8.236916444910035,0.4118458222455017,11403293429.7909,5254973930.779217,3517083241.128818,717365498.0786356,14920376670.919718,11933355587.21609,108.11179467403332,19.88396156226248,124.75045413119142,14.881894966123186,139.82150367684565,18.154605746096717
KROSS,E-zmus_z1_58,E-zmus_z1_58,0.847670670999728,0.550440013408661,29.8411255012231,1.9201423,0.5760427,27.342010368520828,12.148251738744303,3.623089929797715,0.1811544964898857,9141772090.08257,4212798198.194732,2160302270.330131,440628249.0531447,11302074360.4127,9393556453.55933,57.69144881314584,20.34615639866915,129.48884964160396,29.95312995317113,172.77559843826586,32.42540180689866
KROSS,E-zmus_z1_70,E-zmus_z1_70,0.858493851984656,0.549914002418518,41.5377008943605,2.591769,0.7775307,23.234880372247805,10.635325762396295,9.823046793928452,0.4911523396964226,29446237975.4397,13569694919.557468,4835991207.622351,986378015.7595547,34282229183.06205,29840706122.114937,77.69319768570045,22.947586310219386,117.54424120275078,10.668353559008494,154.59030482862713,17.075967044560823
KROSS,E-zmus_z1_86,E-zmus_z1_86,0.840728362224191,0.718919992446899,43.9629794940805,2.1174657,0.6352398,10.870820226543849,4.536430985664342,31.773901320638547,1.5886950660319272,5984529200.58775,2757847557.8745394,5859134219.450549,1195064142.2248569,11843663420.0383,8375204090.302747,98.8274385160018,24.35872388466085,95.94680132383304,24.07149199470837,105.81066518489432,23.05747495476565
KROSS,E-zmus_z1_97,E-zmus_z1_97,0.977331529192195,0.550440013408661,49.9928830495914,2.8215117,0.8464536,7.941554312682968,3.296499682987741,57.18281669293919,2.859140834646959,14894636359.8261,6863887723.422166,10367623381.867489,2114643087.649738,25262259741.69359,18147666706.210445,119.57922102958273,23.17963139320986,132.54345874405942,24.419509510621744,118.75379521724754,24.34658920717842
KROSS,E-zmvvd_z1_19,E-zmvvd_z1_19,0.982660149858909,0.718919992446899,65.8150174807341,4.895118,1.4685354,8.773307605484655,3.742923124010492,8.735692297555437,0.4367846148777718,15886584826.9011,7321006832.673319,4044154645.991729,824870215.7264882,19930739472.89283,16393253620.408024,82.47845221881748,19.58235278441249,96.56680940393574,15.929288101023362,96.56680940393574,15.929288101023362
KROSS,E-zmvvd_z1_58,E-zmvvd_z1_58,0.834728628833586,0.747198045253754,53.5997001259874,1.2108119,0.36324358,7.127270655580072,2.9853230518041043,17.03332402798936,0.8516662013994678,7889154293.72312,3635554974.065954,4560503551.269634,930187708.3920757,12449657844.992754,9112461144.570816,107.11601588806228,29.570810125121525,108.10037791582457,25.64955079337776,109.63729514798456,25.06754488037046
KROSS,E-zmvvd_z1_73,E-zmvvd_z1_73,0.890048200568837,0.550440013408661,62.6021434902172,4.6029487,1.3808848,13.378725862218449,5.585099300943003,31.849110102592924,1.592455505129646,53092153360.3389,24466430119.971844,10270002747.622929,2094731958.2368565,63362156107.96182,54076332206.18728,206.24911565767587,30.019019699582024,207.79604692855855,41.46817612027052,245.4637555774677,48.05779056518914
KROSS,E-zmvvd_z1_77,E-zmvvd_z1_77,0.837461575294847,0.549914002418518,25.1491808073804,3.148276,0.94448286,9.143698166191786,3.808812344027185,12.1074384949772,0.6053719247488599,25646610095.84,11818714329.880184,5168574714.174975,1054213743.0589708,30815184810.014977,26162239468.058758,100.80118049059332,20.123216328347915,97.7563310446973,15.352690059322102,97.2643713028895,24.85532800850399
KROSS,E-zmvvd_z1_83,E-zmvvd_z1_83,0.832684902443552,0.91650801897049,64.2409274850254,1.4549465,0.43648398,9.602917371611689,4.0355684699525405,10.154597763213598,0.5077298881606799,1892474267.29787,872107957.2801244,2437562104.909881,497179506.4337781,4330036372.207751,3085963037.315467,76.30529015519924,29.62623316102301,76.63057259336426,25.309362291154887,77.15552607785943,24.08006418374012
KROSS,S-CFHIZELS-SM14-104965,S-CFHIZELS-SM14-104965,0.807194468895849,0.952870011329651,49.8116138436711,2.9492457,1.3595351,15.243309879982663,6.359516288243087,6.972461974723754,0.3486230987361877,12735906827.1507,5869081487.166222,3233369344.6963773,659497494.8168132,15969276171.847076,13139939118.165125,139.53656275121295,21.59600621454288,148.4387625325505,36.00543554816028,158.7833097407618,26.962620260206045
KROSS,S-CFHIZELS-SM14-107086,S-CFHIZELS-SM14-107086,0.806315500287334,0.523515999317169,63.5079138636994,3.730886,1.7198534,23.973153259636753,10.207056207081301,4.091206098236304,0.2045603049118152,22963093588.1878,10582070777.96673,2864761508.718412,584314064.7944213,25827855096.90621,23141100355.032955,97.87386706684433,15.44359511653373,109.66857637840556,15.355828842619657,96.62955692941972,11.292236969851118
KROSS,S-CFHIZELS-SM14-117442,S-CFHIZELS-SM14-117442,0.807887161312526,0.952870011329651,25.8286905120437,2.0932713,0.9649504,13.295838648351108,5.5278213151960855,5.559508141760817,0.2779754070880408,10399923544.0735,4792591494.964746,2735598384.6181183,557969110.2488568,13135521928.691618,10753692772.461912,103.30245215618508,13.802324206511129,103.41930176569257,10.054447964894488,109.18623417834252,10.928106645442176
KROSS,S-CFHIZELS-SM14-118544,S-CFHIZELS-SM14-118544,0.804719591418289,0.523515999317169,61.8612943513023,2.9401493,1.3553419,10.289430319705993,4.284035823572912,9.063234073111092,0.4531617036555546,7745157732.42143,3569197111.714945,3250314213.149564,662953604.3564187,10995471945.570992,8399524437.983946,122.2424463844524,25.50793126960389,106.34560565127924,19.188286932072057,109.45006827644634,19.92566544637387
KROSS,S-CFHIZELS-SM14-138499,S-CFHIZELS-SM14-138499,0.821986949852993,0.49601998925209,59.5380868080326,2.1297607,0.98177123,11.615302690407141,4.824759045210669,27.50913241400199,1.375456620700099,10790225303.8925,4972454057.093318,6274745908.825386,1279834955.699771,17064971212.717886,12482043035.05972,105.3777095733754,24.72986493178073,121.32207120691756,21.989734569230595,134.48778237713228,20.772097379389614
KROSS,S-CFHIZELS-SM14-139428,S-CFHIZELS-SM14-139428,0.807658416279076,0.952870011329651,72.9889446065206,3.7371938,1.7227613,18.232927685005865,7.641033672004525,9.857655785034106,0.4928827892517052,3917692578.25506,1805388284.910166,2852334640.265408,581779172.0787508,6770027218.520468,4846042512.996844,83.51613084452197,25.12237567248837,92.22230851248617,19.688677677603646,84.92017520150003,18.98462281770248
KROSS,S-CFHIZELS-SM14-145965,S-CFHIZELS-SM14-145965,0.819211656706864,0.607738018035889,60.8642082661409,4.7825093,2.869506,13.696000188370585,5.731270422390088,10.84899588674331,0.5424497943371656,10790225303.8925,4972454057.093318,3900014529.6115904,795470444.4567795,14690239833.50409,11473407316.047989,160.3161665945132,23.531743332239724,208.40753202299112,39.48265132394429,233.28689152111147,23.880233462731304
KROSS,S-CFHIZELS-SM14-148830,S-CFHIZELS-SM14-148830,0.813597441853921,0.523515999317169,41.8173038031045,2.1080093,0.9717443,17.879913230056513,7.508616325624143,12.27605720565328,0.613802860282664,12162705134.4898,5604933241.700369,4273894544.5637417,871729279.8653902,16436599679.05354,12891763679.442633,110.8475129114196,30.31124193985201,139.95384259684988,24.15112529568284,146.3750470788963,21.159449060274216
KROSS,S-CFHIZELS-SM14-159913,S-CFHIZELS-SM14-159913,0.817644399892333,0.607738018035889,53.0,2.9499652,1.7699791,14.370368196099788,6.038845370195149,11.111337768000928,0.5555668884000463,2612342630.12998,1203844530.0138156,2747469475.213685,560390141.5804691,5359812105.343664,3791163744.079828,91.64445493241531,22.07483088131921,106.99786776869396,26.511459429198798,142.95327925476474,17.194780595043547
KROSS,S-CFHIZELS-SM14-164290,S-CFHIZELS-SM14-164290,0.816475811844697,0.607738018035889,36.7646393909787,2.7790155,0.0,6.553289230638442,2.730193909972109,8.75472916469385,0.4377364582346925,9840798965.20449,4534930398.711747,3411217078.1668897,695772360.1798885,13252016043.37138,10415264097.849234,100.51807300768144,27.31485065218903,108.7857866743512,17.959677803531033,119.02362750187272,33.30446257470486
KROSS,S-CFHIZELS-SM14-216212,S-CFHIZELS-SM14-216212,0.811673943596318,1.03668010234833,53.0,2.7626717,0.0,13.681680526601038,5.778063188563522,6.422368536265425,0.3211184268132712,2094258215.21572,965095951.7123132,1956906439.8571715,399142164.67202085,4051164655.072891,2866251957.932694,35.27819636904483,20.11014547168611,37.91440642676933,19.73995720058197,52.08268909577166,19.77574829509273
KROSS,S-CFHIZELS-SM14-228100,S-CFHIZELS-SM14-228100,0.816892455225771,0.754360020160675,53.0,2.1381419,1.2828851,8.821590810240187,3.68060583765525,10.55660304882961,0.5278301524414805,1945495621.74572,896541761.1731428,2481675657.248176,506177163.101553,4427171278.9938965,3153358096.0636125,68.45185000516899,24.01119751536809,65.52803838135662,21.434010045115237,58.3645935734857,14.894221550387178
KROSS,S-CFHT-NBJ-2048,S-CFHT-NBJ-2048,0.815117006390714,0.589002013206482,53.0,2.6084435,1.5650661,6.379513656051432,2.648473002098613,5.0508738981222026,0.2525436949061101,1358408841.45771,625994857.8146129,1553025107.9794817,316764037.59755987,2911433949.4371915,2063289016.731577,71.08946652798217,26.2129603678237,64.52952426574691,20.6016095838,50.92833507576732,18.60872674718158
KROSS,S-CFHT-NBJ-956,S-CFHT-NBJ-956,0.808736768238226,0.589002013206482,64.3962937959766,3.7420652,1.7250068,24.382581272493308,10.375341618505555,4.037021370884983,0.2018510685442491,7194991691.41558,3315664373.9242306,2115082153.122551,431404849.4999325,9310073844.538132,7499431842.0795555,71.90450141307804,21.447401242939605,121.87422931892532,26.70782982589133,155.2729817183507,34.94856655112167
KROSS,S-NBJ-CFHT-1739,S-NBJ-CFHT-1739,0.803848965861688,0.766470015048981,40.6103801253445,2.082567,0.960016,17.03760110886347,7.223809507001491,13.847369753382306,0.6923684876691152,27103820905.7648,12490240048.73954,5563100937.864048,1134683694.438994,32666921843.62885,27668848905.161144,189.95201703236955,70.25101794246132,199.21316193533085,39.12047325984948,224.80974602351355,44.66974877513434
KROSS,S-NBJ-CFHT-1745,S-NBJ-CFHT-1745,0.817216931756771,0.766470015048981,49.861721852877,2.1171663,0.9759654,10.698465657491433,4.469246732883745,10.800717811479007,0.5400358905739503,4977719809.20375,2293880096.407258,3191611607.6244984,650980189.4600542,8169331416.828248,5913043138.085739,127.56135186250933,21.001429159151822,136.26418426511358,20.97380309730473,135.7043042416878,20.42012796452695
KROSS,S-NBJ-CFHT-1759,S-NBJ-CFHT-1759,0.803153783509892,0.766470015048981,27.0985139121146,3.1302242,1.8781346,10.707601075215972,4.47922751240659,25.0993053003776,1.25496526501888,21728504991.9023,10013135940.968803,7117222934.082295,1451671778.765849,28845727925.9846,22864443826.09274,296.3145474260102,52.68960102315668,336.3925063968792,42.785329179790914,349.47677871718747,44.2335412641179
KROSS,S-NBJ-CFHT-1770,S-NBJ-CFHT-1770,0.772521048986929,0.766470015048981,62.1950304836486,2.0013447,0.9225744,11.99163250796929,5.027537991477592,11.673088078160848,0.5836544039080424,5457953574.25342,2515185978.918627,3330159541.3861165,679239252.0557587,8788113115.639536,6393685931.431937,52.704710224169055,22.54440259381761,71.33672729165805,22.193224307584707,82.23921791281086,23.19121560106904
KROSS,S-NBJ-CFHT-1774,S-NBJ-CFHT-1774,0.812180396215924,0.766470015048981,53.0,2.7643955,0.0,4.70055186780812,1.965016200301962,13.698435380407073,0.6849217690203536,5875296753.88813,2707510024.83324,3750240962.6008058,764921611.5875896,9625537716.488935,6970180716.725888,98.09883912800969,27.349406540895743,89.65842205310608,21.715008211847657,77.15581241259329,19.88781333010419
KROSS,S-NBJ-CFHT-1787,S-NBJ-CFHT-1787,0.813092849825738,0.766470015048981,66.0975232513393,3.762009,1.7342005,52.82679304760315,20.91895892792452,9.364051923961974,0.4682025961980986,18240233531.1293,8405637571.948986,4128288159.534971,842030573.6893654,22368521690.66427,18701574329.405807,211.24769157428148,67.10129994495298,208.62643488889896,42.10579369613049,209.77376193341703,46.83571865454088
KROSS,S-NBJ-CFHT-1793,S-NBJ-CFHT-1793,0.815569883994844,0.766470015048981,74.2958439204243,4.528201,2.0873976,7.702569416195131,3.246857016252382,8.002717495880125,0.4001358747940061,7465001516.2255,3440092864.620046,3035425620.025091,619123634.6774068,10500427136.250591,8058539342.334548,105.7072750729931,23.16538420610916,77.46850462796502,16.607235641782648,77.46850462796502,16.607235641782648
KROSS,S-NBJ-CFHT-1795,S-NBJ-CFHT-1795,0.80894638625275,0.766470015048981,34.3139277296183,7.21296,4.327776,8.686107297800431,3.6173325495167923,6.856775079596427,0.3428387539798213,5559426852.60215,2561947858.342005,2594220430.3193336,529132728.631607,8153647282.921484,6134916997.850914,71.71058772283193,21.35422854251933,46.32623995273438,17.842118051866862,46.32623995273438,17.842118051866862
KROSS,S-NBJ-CFHT-C343,S-NBJ-CFHT-C343,0.809067505681362,0.589002013206482,67.8152668109199,2.0962715,0.96633345,28.660370418523904,12.162601748764288,4.361358025472388,0.2180679012736193,10691297668.4087,4926865284.980968,2435336860.4598684,496725965.60201776,13126634528.868568,10965158980.080309,99.62621942372732,37.4322394258832,109.84801239023324,36.03529206110078,145.4468131829508,36.6987036279601
KROSS,S-zvipe_z1_1056,S-zvipe_z1_1056,0.840075939912878,0.643834054470062,69.0720567919573,3.0692112,1.4148365,11.522837984028117,4.839958581236422,9.209342357458226,0.4604671178729113,18751236277.1562,8641122708.366913,4156373302.401843,847758997.8685423,22907609579.558044,19206360950.233585,125.12413048678016,20.672351338462715,143.7102444192314,24.46494157447827,140.57892174055667,26.085282715769893
KROSS,S-zvipe_z1_1066,S-zvipe_z1_1066,0.974059760198326,0.643834054470062,48.5296400752217,1.2744509,0.5874928,10.218092672256962,4.2577996462778245,22.000294875264533,1.1000147437632266,13584088880.6634,6259948792.932444,6225481202.6784935,1269786735.1667588,19809570083.341896,14942693429.320776,158.77078861897766,21.39593741568282,156.16292221109373,23.5739791103495,152.92829090139978,29.4600621170498
KROSS,S-zvipe_z1_1069,S-zvipe_z1_1069,0.815069607874968,0.643834054470062,52.8086511892642,2.111762,0.97347414,12.168316681308998,5.0768927426676065,7.958673311057643,0.3979336655528821,20185052168.6848,9301867358.84092,3901753665.3087626,795825240.6732695,24086805833.99356,20558696766.022823,196.276310395662,35.996183767345926,187.707898451722,31.669762882086918,194.54177408105016,37.6313584734552
KROSS,S-zvipe_z1_1070,S-zvipe_z1_1070,0.799530419000244,0.643834054470062,33.5099772895836,5.798157,3.4788947,6.865656106146292,2.8547585909386433,8.038732043819001,0.40193660219095,6745752739.6155,3108641815.4910145,2944308345.988696,600538786.5019681,9690061085.604197,7360307850.918242,113.56476732053812,23.983584284501312,149.84306818525667,44.10777763606678,149.84306818525667,44.10777763606678
KROSS,S-zvipe_z1_1172,S-zvipe_z1_1172,0.80835085229105,1.03668010234833,37.6457925317345,3.7403374,1.7242104,9.924441028776938,4.147216264692039,6.590506339752822,0.3295253169876411,10593277027.6157,4881694482.772212,2998186121.752461,611528087.750391,13591463149.36816,11009388638.997152,90.86566664459478,27.57558804030703,82.20101966413743,21.192552537146835,74.97362897284552,21.39086668708808
KROSS,S-zvipe_z1_1304,S-zvipe_z1_1304,0.973408140737678,0.754360020160675,32.5916525299761,1.2737037,0.58714837,14.404595625801823,5.990180681091088,32.498673902322246,1.624933695116112,29993697066.4257,13821980214.94272,9176228216.265808,1871639041.266022,39169925282.69151,31365985206.74118,120.63424403389767,25.107988305185444,126.01567861850722,20.776738478901148,134.46660350965007,18.706513524687637
KROSS,S-zvipe_z1_1315,S-zvipe_z1_1315,0.819721297233708,0.952870011329651,65.9903921510962,2.99501,1.3806314,20.254504774372514,8.49174503649084,7.608476878373932,0.3804238439186965,12275247848.8879,5656796243.727142,3363848764.8562536,686110862.6300917,15639096613.744152,12727811605.474522,144.042678511295,23.910504920998324,176.178972726422,19.57739297232148,163.39266405900614,22.088736267474548
KROSS,S-zvipe_z1_1318,S-zvipe_z1_1318,0.924631081743153,0.952870011329651,49.1220574907981,3.1471405,0.0,15.459301152223324,6.5104206340713535,7.513259240362681,0.375662962018134,13836617478.6864,6376321418.749493,3563577885.73812,726848854.6219057,17400195364.42452,14288144407.1374,98.17281079157064,26.3831509125025,91.73154717669097,20.40055263153253,128.5325430361415,21.734325942153006
KROSS,S-zvipe_z1_1322,S-zvipe_z1_1322,0.841009956245498,0.952870011329651,27.7585804241905,2.5947118,1.5568272,11.77968633939886,4.897843086722856,11.631909074440063,0.5815954537220032,21331943555.4679,9830388735.238665,4838407911.212618,986870909.3339448,26170351466.68052,21873774410.671635,61.17013500371051,21.47466625856832,87.46479887653791,11.67077545641789,116.96644501836349,11.233369384189292
KROSS,S-zvipe_z1_1530,S-zvipe_z1_1530,0.818540738003603,0.607738018035889,52.0453243588965,2.990567,1.3785833,9.084681586842908,3.776449717689509,8.43341308135762,0.421670654067881,10496155065.9465,4836937818.408526,3404949840.563806,694494066.0331755,13901104906.510307,11034625258.029827,66.73924130757118,14.854094337358744,80.66067496840459,12.62732383301608,92.8874545306758,14.355434761252354
KROSS,S-zvipe_z1_1531,S-zvipe_z1_1531,0.927871857484921,0.607738018035889,44.9947300282332,1.214008,0.55963004,10.292380132911745,4.3070760977591505,29.042268909740702,1.452113445487035,93117182123.2154,42911143835.58313,11304372255.517282,2305708280.307901,104421554378.73268,93800844551.95152,85.80021927793638,12.256807411946442,93.75882089667722,13.73249279642622,103.38477881365915,17.296298129286804
KROSS,S-zvipe_z1_1532,S-zvipe_z1_1532,0.862062274451339,0.607738018035889,53.0,2.934177,0.0,9.017880270658864,3.760786234000827,10.931315217024054,0.5465657608512027,5875296753.88813,2707510024.83324,3415025412.993946,696549062.790244,9290322166.882076,6795697941.907282,75.4897386635689,21.27899354954671,72.78997435176619,16.52017880614737,75.13555069173498,15.512881517283978
KROSS,S-zvipe_z1_1538,S-zvipe_z1_1538,0.85539311491924,0.607738018035889,53.0,2.8297935,1.6978761,10.721314174898716,4.474263235066305,6.527356913630249,0.3263678456815124,7816824443.48696,3602223245.8465257,2812485982.471987,573651546.0469861,10629310425.958946,8307395607.643628,74.97755361492496,25.14807501847189,102.2772097873722,23.59270435362987,129.23478054533666,22.751705885635914
KROSS,S-zvipe_z1_1540,S-zvipe_z1_1540,0.853700713099907,0.607738018035889,59.7562963901317,2.2117953,1.0195873,45.740872320347954,19.879308534895507,7.200533950837423,0.3600266975418711,8337392296.31899,3842116265.584788,3003138033.659269,612538092.5001637,11340530329.978258,8861768917.768625,74.41597692941708,25.86385596301039,103.95914497067768,21.15283325476095,135.73984445662805,26.97984792019069
KROSS,S-zvipe_z1_1542,S-zvipe_z1_1542,0.81554447116842,0.607738018035889,56.9149023316185,2.112905,0.9740011,10.301830512813263,4.279083739471025,17.987111589355628,0.8993555794677814,40274474332.4172,18559665590.97567,7055711767.333347,1439125668.5310483,47330186099.75055,40887850900.92432,178.85465695121562,24.73915870526401,186.115547712323,27.109272241530743,185.2307730466769,28.06970953586349
KROSS,S-zvipe_z1_1543,S-zvipe_z1_1543,0.84299241666248,0.607738018035889,40.7966736832859,2.1840549,1.0067996,16.20112386745808,6.748083785098817,18.728479823076075,0.9364239911538036,31407289585.9138,14473405339.130783,6804993608.232676,1387987657.4795656,38212283194.14648,32136051050.829765,114.035788999866,25.130969650364907,123.7895128526718,20.79648277207435,126.18549901532182,23.09300206462729
KROSS,S-zvipe_z1_1575,S-zvipe_z1_1575,0.993940045810605,0.49601998925209,35.4968265313316,1.3005438,0.59952104,13.364180121461567,5.5735026490092405,23.33092694159249,1.1665463470796245,30271231713.9705,13949876365.885023,7798790280.394567,1590688468.6946752,38070021994.36507,31259696084.870533,105.64179083506583,22.095333317379996,103.80163415904894,20.22437198689703,100.67934963679052,21.5486486072353
KROSS,S-zvipe_z1_1577,S-zvipe_z1_1577,0.842758326965257,0.49601998925209,55.7364722880395,2.1835556,1.0065694,54.68583162395424,21.356610693462542,8.47869256629523,0.4239346283147614,14224277280.6578,6554966488.782397,3719415029.578949,758634323.6900208,17943692310.236748,14702520611.082151,92.89075672388296,17.409372020720518,117.61895409087232,21.30066133316164,140.45435548225527,31.048376428508973
KROSS,S-zvipe_z1_1580,S-zvipe_z1_1580,0.842900446843856,0.49601998925209,38.1033351153307,2.4587634,1.4752581,8.227617500603124,3.42009959582154,10.347553735172168,0.5173776867586083,13964649069.6788,6435322151.925715,4098225965.793721,835898884.9352627,18062875035.472523,14553586489.45293,104.35394552272692,24.21713475027602,94.42595259489327,15.884487588790089,95.59364980764464,20.48608247313715
KROSS,S-zvipe_z1_1991,S-zvipe_z1_1991,0.823963682151799,1.03668010234833,33.4779027634698,3.542403,2.125442,6.60275946824735,2.7415368245124823,24.751045362152112,1.2375522681076054,22963093588.1878,10582070777.96673,7210508202.399627,1470698821.2995684,30173601790.58743,24068549928.83335,161.1364793127179,30.64055196140904,154.52018855291035,24.771742928676492,129.02052876986588,18.97229881157926
KROSS,S-zvipe_z1_2064,S-zvipe_z1_2064,0.874803565228535,0.70524001121521,63.7480881215271,2.2665305,1.044819,13.146049745102204,5.498388755859356,35.0006950590926,1.7500347529546296,38817742711.5098,17888360696.548298,9942207967.861752,2027872912.857316,48759950679.37156,40070745544.51397,171.89103087912562,23.6201318534988,169.56452569139242,18.896729568390803,165.676254137959,19.756443139388125
KROSS,S-zvipe_z1_2597,S-zvipe_z1_2597,0.914207163920157,1.01101005077362,53.0,5.341929,3.2051578,13.7593478674035,5.728502340870056,26.799467319326222,1.3399733659663111,4797666775.39756,2210906348.109475,5243588530.540781,1069513734.5807574,10041255305.93834,7107237660.678898,106.72236052418134,26.345698536542614,98.91834041724596,22.28083981418388,98.91834041724596,22.28083981418388
KROSS,S-zvipe_z1_2603,S-zvipe_z1_2603,0.819440993984867,1.01101005077362,54.7800602350293,2.123207,0.97875017,14.30995041813474,6.044245435236068,6.157133949846735,0.3078566974923367,5715185029.48853,2633725820.040797,2484689848.720816,506792223.715543,8199874878.209347,6231935779.966453,67.60939753480497,24.176845801876272,71.44648774184584,20.83187798370834,72.42253018252443,18.17308043554265
KROSS,S-zvipe_z1_2740,S-zvipe_z1_2740,0.824578614107272,0.70524001121521,46.6940944895392,1.2762972,0.76577836,10.27459545134959,4.310550258091467,15.22746482412936,0.7613732412064679,16033556801.9559,7388735853.435899,5137689241.395256,1047914097.8554348,21171246043.35116,16836590939.459652,86.97307792896915,41.92360342605278,99.11946343323856,32.65161114710306,114.97082314368788,27.116783470938834
KROSS,S-zvipe_z1_3500,S-zvipe_z1_3500,0.82121820827554,0.754360020160675,53.0,1.2165413,0.7299248,16.992935294995085,7.6965627284080504,4.125278789432128,0.2062639394716064,5768068202.21979,2658095945.723406,2032031318.0768647,414465280.26184624,7800099520.296656,6115534487.115926,58.25648847472747,12.08735651251258,56.69369322789429,11.33474039307009,54.2506997366721,12.42565983156076
KROSS,S-zvipe_z1_817,S-zvipe_z1_817,0.910927808482778,0.523515999317169,53.0,3.5207057,2.1124234,6.799530543369492,2.8489087856601856,4.979664620176164,0.2489832310088082,2812095772.90068,1295896669.539484,1947235510.622731,397169741.5488497,4759331283.523411,3420469086.221368,56.85868489918595,8.419601648036155,59.025265896413856,9.819261708699791,59.025265896413856,9.819261708699791
KROSS,S-zvipe_z1_819,S-zvipe_z1_819,0.920533460574342,0.523515999317169,53.0,3.301965,1.981179,5.388759029665308,2.2570337004269785,5.992403345952488,0.2996201672976243,1448873195.49023,667683500.2259125,1828423921.5957637,372936078.5353283,3277297117.085994,2332888247.1463785,48.16210501526557,3.4393754282646576,48.09855492258108,10.228874166303058,48.09855492258108,10.228874166303058
KROSS,S-zvvd_z1_186,S-zvvd_z1_186,0.82246993800909,0.523515999317169,63.4407191956815,3.8056493,1.7543176,10.864709093616296,4.55117049591067,8.885474690139668,0.4442737345069834,53092153360.3389,24466430119.971844,5291175550.4397335,1079220202.170551,58383328910.77863,53355161766.63056,121.39906781261104,17.414106295152653,141.19207210521245,22.162353533069627,141.19207210521245,22.162353533069627
KROSS,S-zvvd_z1_206,S-zvvd_z1_206,0.807419542626825,0.523515999317169,67.4843615166447,5.2066064,2.400127,10.79043074593593,4.544014959030262,6.797945667114167,0.3398972833557083,29176318343.3431,13445307992.32401,3947781924.04858,805213470.1021676,33124100267.39168,29442189697.64212,131.66753971553518,19.95455185683045,99.42332781992444,22.299085398375464,99.42332781992444,22.299085398375464
KROSS,S-zvvd_z1_450,S-zvvd_z1_450,0.840096996029634,0.643834054470062,65.559891782901,6.1531253,2.8364508,10.341692393753801,4.319044231551738,6.37685978342842,0.318842989171421,22963093588.1878,10582070777.96673,3626945072.9933295,739773634.9738168,26590038661.18113,23247761133.11521,84.86361829037945,20.13701473152339,66.20318225968336,19.86529145024601,66.20318225968336,19.86529145024601
KROSS,S-zvvd_z1_475,S-zvvd_z1_475,0.901271986818569,0.643834054470062,45.2064969726342,3.2928438,1.517926,11.539131453034646,4.829993694729193,20.542639760917844,1.0271319880458922,52605390475.7134,24242115426.59604,8208991177.435026,1674355557.5075843,60814381653.14843,53242038308.59112,94.490017883335,24.153876035414736,113.3780076627572,17.428914074047178,133.06616417666524,27.83680879829064
KROSS,U-HiZ_z1_132,U-HiZ_z1_132,0.841548602708507,0.695785999298096,30.1531394306227,2.4271846,0.94784594,11.858398158982872,4.969594818178891,8.383939175811197,0.4191969587905597,22752561881.1943,10485051558.154057,4162117949.909498,848930728.5440252,26914679831.1038,23130116687.698204,119.21537863383426,20.30575743627283,127.97860103037328,14.972991906955702,125.73398509234823,13.030389331787733
KROSS,U-HiZ_z1_139,U-HiZ_z1_139,0.841690919495188,0.817840039730072,59.1169711417439,1.8334421,0.715982,8.321508382020964,3.4885195371022384,14.4201187330088,0.7210059366504399,10790225303.8925,4972454057.093318,4546270649.613392,927284742.1461524,15336495953.505892,11708865825.873066,127.11288288484089,20.606557945957764,129.87325639590566,23.78613267694701,128.77342593266323,25.61135085430289
KROSS,U-HiZ_z1_204,U-HiZ_z1_204,0.839484701952211,0.890071988105774,56.2311952535185,1.8285182,0.7140592,8.029080936534504,3.3350233666321003,11.58378780164886,0.5791893900824429,11092515006.0023,5111758067.282166,4091021573.158155,834429402.0509617,15183536579.160456,11822873875.26534,154.4599326306971,22.978795245510387,147.96952844462,22.037575507461707,141.63255130480616,22.78870103210821
KROSS,U-HiZ_z1_205,U-HiZ_z1_205,0.843690839132232,0.890071988105774,50.2066939605874,2.4331105,0.9501601,15.311419259497278,6.436351520731055,6.7245516554668425,0.3362275827733421,29718706929.8315,13695256649.691938,3980881875.064876,811964742.9129835,33699588804.896378,29984145178.484493,161.63754870631922,54.99141878536417,183.2250890487384,32.420409797600136,194.0251110919677,48.167815553738485
KROSS,U-HiZ_z1_208,U-HiZ_z1_208,0.836158015027448,0.890071988105774,66.4496732309612,4.9710264,1.941248,16.387056181209125,6.820511080377198,12.883158362895957,0.6441579181447978,9661180065.80254,4452156712.351401,4165601082.0329337,849641065.0314975,13826781147.835474,10520961583.357971,141.53771056409565,25.60816067558406,166.46642645806233,27.21274784595863,197.455992032158,41.99146593831352
KROSS,U-HiZ_z1_31,U-HiZ_z1_31,0.835747551243873,0.465013980865479,68.8477324352202,2.957641,1.1549958,14.729098979503652,6.114701327940628,18.94655503651644,0.9473277518258216,6095792477.03297,2809120957.158051,4512514739.159473,920399561.6328628,10608307216.192444,7584291344.231395,84.06003943025051,20.15814507334577,103.58302345596032,18.94392536219722,125.86251428665132,20.027740266354066
KROSS,U-HiZ_z1_44,U-HiZ_z1_44,0.833836328072314,0.465013980865479,52.7578490077348,3.4721093,1.3559021,54.22466652135413,21.246928544497997,9.577541179321395,0.4788770589660697,37759827560.1379,17400842193.611935,5053508227.228665,1030744116.9291682,42813335787.36657,38096489638.46954,94.277490189733,31.06335828007637,192.3656280960056,40.72994937185916,247.4989943893569,49.93039337857024
KROSS,U-HiZ_z1_84,U-HiZ_z1_84,0.840263631552284,0.526708006858826,53.0,2.1870446,0.0,8.829603781992747,3.6975750671892325,11.44925206729144,0.5724626033645719,1663528425.44136,766602961.0328848,2518958488.5970244,513781547.9990526,4182486914.038384,3018688239.869499,49.63878139049716,16.435000492650968,46.011512959217335,9.142797627283311,48.86920055402807,10.522650436645884
KROSS,U-HiZ_z1_96,U-HiZ_z1_96,0.839854634005702,0.501330018043518,36.4288122961295,1.748568,1.0491409,10.945101803612141,4.545648443843373,18.498107057839864,0.924905352891993,32887446455.0866,15155505278.841751,6836130251.611002,1394338479.6339953,39723576706.6976,33590427373.77986,281.844114520969,23.306159943851117,294.7784660379002,28.208353843206798,303.34740847651324,44.37704113082699
KROSS,U-zuds_z1_100,U-zuds_z1_100,0.824522973371728,0.695785999298096,47.3843318812965,2.1460745,0.0,8.257006476667248,3.4306369504191725,26.60505031602281,1.3302525158011402,6442137058.77326,2968726755.1950507,5415285421.629586,1104534091.9857662,11857422480.402847,8415844941.640366,81.00339962439251,25.420572629263475,90.34087682560546,23.630113240431708,90.33144856754063,23.55899321531867
KROSS,U-zuds_z1_113,U-zuds_z1_113,0.916177526963381,1.15108001232147,53.0,2.3846338,0.0,6.773989571692611,2.8105039538759327,41.69446660039099,2.08472333001955,2660910828.30958,1226226188.1610968,5692239574.524133,1161023030.7109275,8353150402.833713,6283473387.386458,76.28521264007469,26.018981798711387,80.0457082406997,22.092960426896678,84.85581306704613,19.29666891906079
KROSS,U-zuds_z1_118,U-zuds_z1_118,1.0365498868048,0.465013980865479,39.9982610778265,3.3151658,1.9890995,7.082007527838893,2.967208536662646,8.692848817978481,0.434642440898924,15596615395.3587,7187380366.524747,4072540103.1625934,830659892.611275,19669155498.521294,16119553178.75181,225.9471148896888,46.09904263238042,160.5091207736113,40.45431375767792,160.5091207736113,40.45431375767792
KROSS,U-zuds_z1_139,U-zuds_z1_139,0.899760924167897,0.61955201625824,38.7586024650272,1.9598911,0.76536196,8.584465496692472,3.5671860251494856,19.50554766780025,0.9752773833900128,10116490352.9127,4661977121.157927,5326303765.092531,1086385006.175548,15442794118.005232,11432973753.954594,111.38657487313368,27.81010274666647,108.01387880865356,19.67353150526801,130.44193275064924,20.02966260652845
KROSS,U-zuds_z1_147,U-zuds_z1_147,0.882540584875186,0.69335800409317,40.7266622806233,3.6747413,1.4350324,57.832915531701325,23.373124118323396,9.995549976385549,0.4997774988192773,33191757252.13,15295740669.184334,5055187039.91484,1031086536.2925364,38246944292.04484,33574509162.35184,109.75855322359637,41.0226227673624,147.07055285876632,45.92223378646656,160.94138191868834,48.443705178502576
KROSS,U-zuds_z1_188,U-zuds_z1_188,0.912776862051005,0.693185985088348,51.6923207647256,3.2073195,0.9621959,13.790129719434065,5.811105360299782,22.197913717892774,1.1098956858946387,9931856852.01049,4576892558.53018,5688805431.609182,1160323032.001371,15620662283.619673,11445710452.72131,91.65569703379322,19.941675074339766,102.79741935815431,19.161156436608263,112.88194687085938,19.334839971986757
KROSS,U-zuds_z1_220,U-zuds_z1_220,0.914297739523649,1.15108001232147,53.0,5.226306,3.1357837,7.842286151579689,3.266961080175209,11.503102092583386,0.5751551046291693,1694456442.81258,780855503.6002674,2640663784.2646737,538605346.0768332,4335120227.077253,3137560813.453038,78.68110801790874,21.062237193390967,69.08611225921713,20.48600114510056,64.25819853650937,21.914776059853487
KROSS,U-zudsp_z1_115,U-zudsp_z1_115,0.826691341168901,0.61955201625824,61.3547136816542,1.800763,0.7032204,10.276976204993536,4.278765322813099,22.723094828205166,1.1361547414102582,16181916889.9459,7457104557.578756,6320311972.268381,1289128968.2339983,22502228862.21428,17372414272.63106,145.29232825204568,24.6112721576975,170.75075854255675,25.13428212916195,173.2034452928784,21.61818442488908
KROSS,U-zudsp_z1_120,U-zudsp_z1_120,0.827709665798965,0.817840039730072,34.8367336136282,1.2405124,0.74430746,42.43927331645284,19.634488188762163,20.0278984330338,1.00139492165169,6039904641.5922,2783366194.28212,4615301531.024615,941364564.6107168,10655206172.616816,7601411467.734473,227.8480769486304,19.55340012051504,224.56710277503484,27.951602549333725,218.8115306505925,46.800083848888434
KROSS,U-zudsp_z1_55,U-zudsp_z1_55,0.957974844373852,0.85589200258255,55.7389153991983,2.380947,0.7142841,7.401723055824219,3.0767421173267753,17.7362350711179,0.8868117535558949,1710135415.98467,788080836.8592949,3374127651.4057674,688207004.9342566,5084263067.390437,3782763612.623192,89.17188760536716,24.55102828170665,98.55849870588196,22.119963054846487,82.17949092714315,18.4917602206312
KROSS,U-zudsp_z1_79,U-zudsp_z1_79,0.815636528766913,0.69335800409317,53.4260988087768,3.5072389,2.1043434,8.125017089357199,3.3837155200552846,13.374130762945477,0.6687065381472738,3741363420.42926,1724130608.4927466,3306447686.56473,674402767.2715143,7047811106.99399,4993034803.375136,74.50065914950547,26.12096087406766,70.09477272230065,20.163463349498706,56.57374167371167,16.148236115970093
KROSS,U-zvipe_z1_1081,U-zvipe_z1_1081,0.880359668478435,0.817840039730072,74.428513631032,7.7281384,3.0179346,15.953044986560533,6.8167001735629125,19.926140569219854,0.9963070284609924,6383073844.73109,2941508684.207876,4770786236.762561,973078202.554081,11153860081.49365,7968941775.679705,39.65701255882128,13.449903945642042,40.37367531100244,17.385302142711957,40.37367531100244,17.385302142711957
KROSS,U-zvipe_z1_1821,U-zvipe_z1_1821,0.841547850015293,0.890071988105774,60.5465775022628,3.5039103,1.3683208,13.824082171036657,5.743396460155864,41.21202640694097,2.060601320347049,13092728075.2733,6033515242.061429,8155067687.534941,1663356773.2348688,21247795762.808243,15424806560.90462,136.23875738648442,31.76346617623928,137.28362856875745,23.851401625804183,142.3093614881065,23.39186404603122
KROSS,U-zvipe_z1_1838,U-zvipe_z1_1838,0.802053730613748,0.890071988105774,67.0266666157155,3.825385,1.4938607,17.075955531213555,7.148605074733496,7.498213287834041,0.374910664391702,4753680499.24834,2190636174.7688203,2600069887.148724,530325787.4939053,7353750386.397064,5418287709.875835,124.29365525243249,24.05815929330931,104.8561551235944,18.08106206069908,75.58776370419722,20.700874567751544
KROSS,U-zvipe_z1_247,U-zvipe_z1_247,0.83769654942719,0.501330018043518,71.5609700362979,3.488066,1.3621334,9.781036100863444,4.096360695344778,30.5203039093565,1.5260151954678247,7328759665.92967,3377308601.810908,6034068464.876079,1230744843.2604902,13362828130.805748,9493192322.91064,106.5985299417811,20.54788865055199,96.19649668511131,19.58697704426419,133.75658661156106,33.93960966573065
KROSS,U-zvipe_z1_249,U-zvipe_z1_249,0.88339123944268,0.501330018043518,53.3297245816514,1.924246,0.7514421,9.851196905984757,4.087830668154698,20.60262800792305,1.0301314003961524,17580451640.9271,8101590617.938757,6245871761.634007,1273945726.0122385,23826323402.561108,18656987805.15637,186.8243747811094,26.8710005936935,196.6402619550649,32.5064736820714,208.90208849557567,43.5742149211558
KROSS,U-zvipe_z1_251,U-zvipe_z1_251,0.840195654708891,0.501330018043518,45.7994846550847,1.8301002,0.714677,7.126977413043115,2.96395073515884,40.247259712939965,2.0123629856469982,11940705709.6735,5502629359.296544,7868237347.420447,1604853103.608679,19808943057.09395,14299986426.579966,121.23093431133717,22.576673394416872,118.67677087611952,20.838633652815226,119.97358347005776,18.841155736080097
KROSS,U-zvipe_z1_4550,U-zvipe_z1_4550,0.888620810293205,0.61955201625824,36.7533053219979,1.9356444,0.7558933,12.046956195635035,5.021344990992722,15.550696157491986,0.7775348078745992,24267787452.7229,11183312190.194883,5869115721.040761,1197100327.7059057,30136903173.76366,24967419313.92796,135.33937454341026,35.28146137037092,143.75518531956195,21.2779640363276,145.2720785295455,15.903886436609714
KROSS,U-zvipe_z1_4553,U-zvipe_z1_4553,0.91876176120425,0.61955201625824,38.741574529047,2.6497772,1.0347711,16.061259200065166,6.961063249929001,12.45154217465418,0.6225771087327089,19634975526.5671,9048375818.694515,5013444982.699499,1022572536.866525,24648420509.2666,20264917826.713333,137.7226076485739,28.929347653007905,141.6184319172892,27.344498853644545,152.49782407757507,28.604621703619127
KROSS,U-zvipe_z1_4555,U-zvipe_z1_4555,0.890681663055517,0.61955201625824,55.5382738062072,1.2161971,0.47494018,10.526715934325924,4.407979564296172,25.37829509036986,1.2689147545184931,11615301383.4225,5352673448.581798,6283414415.912577,1281603085.400678,17898715799.335075,13205927568.703178,177.7345388470597,30.53190192549482,174.87212400979232,31.023571969599985,169.59890005769253,38.678951878972704
KROSS,U-zvipe_z1_4563,U-zvipe_z1_4563,0.900588564023376,0.61955201625824,61.4617235325315,5.3542953,2.0909193,34.41452736556206,14.674521009006874,11.674573619724764,0.5837286809862381,10990815898.6893,5064892119.211659,4185245910.3080406,853647983.1898515,15176061808.99734,11760710754.398804,108.11479388184614,20.162926069117955,126.51943168381916,18.207988542981195,143.7464935431682,15.487981899404156
KROSS,U-zvipe_z1_4742,U-zvipe_z1_4742,0.839300010497685,0.817840039730072,67.1911028811531,2.9701536,1.1598821,9.478338504689455,3.9514275814577857,6.197724461315939,0.3098862230657969,4932082759.28527,2272849197.8273134,2422835642.806341,494176053.1671919,7354918402.091611,5495049853.867735,93.30324701836844,26.19879028584586,104.19976517892096,18.794661285072053,118.02882967937002,20.20297333331853
KROSS,U-zvipe_z1_4766,U-zvipe_z1_4766,0.807178246924748,0.85589200258255,48.3168268360691,3.180804,0.9542412,13.274872006504578,5.578154118809854,3.3482543923035792,0.1674127196151789,6039904641.5922,2783366194.28212,1837066593.94876,374699108.8172283,7876971235.54096,6313102387.109645,83.95037524818059,20.479188139487725,75.01745744648949,15.646354310325124,86.454864162926,27.162338794845105
KROSS,U-zvipe_z1_4773,U-zvipe_z1_4773,0.857262318401921,0.85589200258255,30.3818103768608,1.6582869,0.4974861,7.861623885318956,3.299316174100799,3.937919122504377,0.1968959561252188,4977719809.20375,2293880096.407258,1942374649.7334204,396178360.8810872,6920094458.93717,5343268080.385489,129.06438695433243,27.450480611778254,125.43975598425212,23.84022683198596,121.01711449366006,23.454415964402944
KROSS,U-zvipe_z1_4774,U-zvipe_z1_4774,0.97327885380266,0.627757966518402,44.639954836992,2.7743428,0.83230287,7.162157752417204,2.9870017585589084,25.63069425944163,1.281534712972081,8730315361.03068,4023186802.318286,6054073560.429059,1234825320.266125,14784388921.45974,10624039390.84068,72.54951511974886,18.747852671788653,72.27650814484994,10.16465340282217,63.36912891215216,11.445171941290877
KROSS,U-zvipe_z1_4777,U-zvipe_z1_4777,0.915145176632237,0.627757966518402,59.0848416545945,3.2386749,1.264743,10.374418421975808,4.30736740397589,18.55358576077919,0.9276792880389594,11195155145.2209,5159057670.608709,5350161190.611506,1091251133.9119754,16545316335.832403,12407889566.36428,86.1235994615648,21.285302353130486,118.83500934936076,18.729887504757087,146.40338029532492,29.06959179557968
KROSS,U-zvipe_z1_4780,U-zvipe_z1_4780,0.878041145607513,0.627757966518402,47.9429820703986,3.1073668,1.2134656,8.116531475740738,3.3671501169173723,26.16512489370052,1.308256244685026,11722758322.9585,5402192775.556912,6369732313.704699,1299209000.5150487,18092490636.6632,13341534860.980074,140.01919474665854,20.438460635844542,153.57849299336843,23.455358354166503,172.90255908834152,18.49814538370731
KROSS,U-zvipe_z1_4857,U-zvipe_z1_4857,0.895036504942209,0.69335800409317,43.7633427482989,3.7270985,2.2362592,6.320150864960664,2.6222868061251896,15.542004511628628,0.7771002255814314,7816824443.48696,3602223245.8465257,4444077152.688641,906440705.2772667,12260901596.175602,8991805498.304798,97.68648294702544,25.50756574485508,113.75163468844768,24.026593863526248,135.91502498096676,31.93501091609507
KROSS,U-zvipe_z1_4958,U-zvipe_z1_4958,0.802183513199603,0.465013980865479,60.0334021625428,1.7474563,0.6824035,10.46134690348936,4.338779495983976,8.814004025438333,0.4407002012719166,9484839655.18351,4370893850.314982,3372104927.4821906,687794800.7733986,12856944582.6657,10066443012.62821,141.05572407401473,25.39103005869344,151.1614076345178,22.74818751853648,149.2344015742633,25.08434982858474
KROSS,U-zvipe_z1_5083,U-zvipe_z1_5083,0.988869292668872,0.465013980865479,65.5260297678872,4.716829,1.8419807,34.511802859791324,14.775213857821683,21.45030850607449,1.0725154253037243,15740932421.2677,7253885908.418295,6390863128.04599,1303519056.6505454,22131795549.31369,16988822355.076128,103.71193944807132,26.39029008353096,123.79953909213684,21.21978897208666,145.31254408411925,26.38465891849816
KROSS,U-zvipe_z1_5101,U-zvipe_z1_5101,0.80424979133941,0.85589200258255,69.5156585323874,5.7033997,2.227249,27.192381005933726,11.39090239966582,15.07416329533733,0.7537081647668664,6683905896.82086,3080140966.276894,4055989597.4923954,827283961.3905632,10739895494.313255,7818289432.639545,94.98333100609172,16.639750236182415,95.48131968553614,17.68706164373595,109.56261218901808,24.92494961184836
KMOS3D,COS4_04519,COS4_04519_K,2.2285,0.38976,25.3880878025585,2.4420667311447084,0.0676004631458742,2.6666422556795863,1.107526827646109,453.7839,45.37839,40738027780.41122,4073802778.041122,40670734646.976135,7169201003.608822,81408762427.38736,57564707626.82897,220.01538552679068,41.34716571055554,210.6358487787234,49.29645597565329,210.6358487787234,49.29645597565329
KMOS3D,COS4_05656,COS4_05656_YJ,0.79798,0.42309,24.0665920052157,2.384789228633021,0.0231532934818739,2.5026167805964947,1.0369254524685858,124.72648,12.472648,47863009232.2638,4786300923.22638,19726119911.758385,7936137654.18779,67589129144.02219,51768595301.98632,247.97305022979504,37.83027923805341,233.1841365454241,45.47848852587172,262.4568741505858,44.48062193705769
KMOS3D,COS4_06487,COS4_06487_YJ,0.9068795,0.42309,24.0665920052157,4.0061466298125,0.0321133998381763,3.431445323599649,1.4326056610361166,30.913342,3.0913342,75857757502.91852,7585775750.291852,11072399198.282433,12086792993.88231,86930156701.20096,76661577060.33522,473.5578390768918,75.99872630066696,490.4689400780544,76.92818829956023,490.4689400780544,76.92818829956023
KMOS3D,COS4_07901,COS4_07901_YJ,0.87844,0.62154,72.80844465246719,5.513158982155697,0.1113769491344585,7.538998915661241,3.1616898074415785,8.843771,0.8843771000000001,6606934480.075964,660693448.0075965,3177280413.256604,990299964.8454944,9784214893.33257,7331213681.818359,59.230267311237625,20.0850759381858,53.85812695215736,19.85025865866195,53.85812695215736,19.85025865866195
KMOS3D,COS4_10344,COS4_10344_H,1.5148,0.4064,24.3420657429342,2.3709429935177986,0.0868477287002856,2.9765797836496,1.2439750569261725,137.07594,13.707594,9120108393.559114,912010839.3559114,16285889067.657722,1499278252.8505046,25405997461.216835,18665651872.73996,184.0608280629108,15.642251299662586,185.3260200814083,8.131371500479782,185.3260200814083,8.131371500479782
KMOS3D,COS4_11696,COS4_11696_H,1.51704,0.44216,22.6688856182235,1.363559043680238,0.0347403578007704,2.6174130233633446,1.0850739211067593,40.399155,4.0399155,17782794100.38923,1778279410.0389228,9977199663.626144,2831497616.4807487,27759993764.015373,20390494823.43917,168.0205109068285,26.66007935220733,165.38154410698058,24.346396550760996,156.61569128154116,34.31214822953151
KMOS3D,COS4_12056,COS4_12056_H,1.5999,0.37863,25.1886598369554,5.718108623307474,0.18249282840343,2.9360277945445863,1.222067583694527,9.332543,0.9332543,5128613839.913659,512861383.9913659,3742975610.224913,776587996.6392024,8871589450.138573,6349216198.688818,157.1075956056716,26.20910718104892,157.1075956056716,26.20910718104892,157.1075956056716,26.20910718104892
KMOS3D,COS4_12476,COS4_12476_H,1.51431,0.47734,63.66413439673258,1.9366886091621875,0.0434235114161925,3.5656331370256615,1.4915042878033682,56.83476,5.683476000000001,11220184543.019651,1122018454.3019652,10831494791.024612,1799020522.6916666,22051679334.044266,15595314058.63346,165.41993126958573,31.16567062857158,172.77179138705296,25.90598881533656,172.77179138705296,25.90598881533656
KMOS3D,COS4_13701,COS4_13701_K,2.16639,0.41532,53.32765471682601,4.0827160260498605,0.1018557012735932,5.175450862449618,2.1534496424664162,82.74938,8.274937999999999,43651583224.016655,4365158322.401666,17315961964.977318,7285527470.50632,60967545188.99397,46960656476.8402,158.80214927233956,18.467761844720783,123.91520760840642,13.861839726773043,123.91520760840642,13.861839726773043
KMOS3D,COS4_16172,COS4_16172_YJ,1.03041,0.47759,26.0089645249756,7.151529605546435,0.041434122859481,8.071109489632422,3.371277792168563,96.15455,9.615455,54954087385.76248,5495408738.576248,18589638092.19849,9017051848.502468,73543725477.96097,58013156824.99045,397.5773186035912,67.35606614816467,443.8030679388901,81.77338700194848,443.8030679388901,81.77338700194848
KMOS3D,COS4_16986,COS4_16986_YJ,0.90567,0.3637,24.0538589115136,0.754384022709346,0.0321014477748657,1.629138335596433,0.6759787266072879,9.332543,0.9332543,1318256738.5564048,131825673.85564049,2221612655.620989,194793397.6354439,3539869394.177394,2583285431.454432,113.57682831630136,29.35552746298256,105.2166361971612,24.07937093797331,95.39603295675262,20.08850419750313
KMOS3D,COS4_17162,COS4_17162_H,1.65516,0.45325,58.44631522581855,1.9545527390568604,0.0434345053123746,3.496690952044833,1.451575891966407,113.22691,11.322691,9549925860.214369,954992586.0214368,15183756333.834225,1567543850.3665376,24733682194.04859,17937322552.177124,165.13764088134553,25.41968053681447,202.33064680765577,19.769364555063195,436.5329209690836,18.167400074420176
KMOS3D,COS4_17519,COS4_17519_H,1.70782,0.47403,23.9657656572344,3.4023546265670315,0.0520768565290872,2.5159452272918332,1.0439087828873497,114.06194,11.406194,23988329190.194942,2398832919.0194945,18241668334.594044,3968029815.0200434,42229997524.78899,30136330250.4882,283.74942496118143,53.9336535374746,297.43335055639795,55.72345679112797,297.43335055639795,55.72345679112797
KMOS3D,COS4_17628,COS4_17628_YJ,0.90736,0.47058,41.7781068497623,4.360037149328982,0.0240886030349667,5.594992865006746,2.325154833941255,52.450047,5.245004699999999,58884365535.55884,5888436553.555883,13626041217.306036,9508775949.794567,72510406752.86487,60440363200.27397,191.50786378258317,21.686932118672853,197.0392936818732,39.939280725658335,197.0392936818732,39.939280725658335
KMOS3D,COS4_17657,COS4_17657_YJ,0.89962,0.41555,25.118914222365,3.884981246571862,0.0240308118344651,4.2325055646374095,1.7617414024089202,31.84986,3.1849860000000003,20417379446.69532,2041737944.669532,8130119824.886495,3215073789.740051,28547499271.58181,21976538213.225227,127.50595254536763,20.753637792462023,104.9187221166586,22.81194692820697,104.9187221166586,22.81194692820697
KMOS3D,COS4_18064,COS4_18064_H,1.65341,0.41258,23.846375831267,1.8677216716248584,0.0260612326273236,4.0818063859044,1.7177723609985414,22.908678,2.2908678,8912509381.33744,891250938.133744,6631775395.324638,1393739705.1845033,15544284776.66208,11109152459.412066,355.95651981401835,52.738589662972224,340.60348689229727,30.717319196367058,340.60348689229727,30.717319196367058
KMOS3D,COS4_18435,COS4_18435_H,1.42947,0.4595,54.36765886007138,2.7900763582444004,0.0346593336427875,4.35132578889966,1.8100048274270657,25.880526,2.5880526,23442288153.19918,2344228815.319918,8321935291.34303,3683435807.567417,31764223444.54221,24875600110.367653,189.4897932745384,24.174828632376872,176.82402725846126,34.01669740647452,176.82402725846126,34.01669740647452
KMOS3D,COS4_18969,COS4_18969_H,1.4048,0.49598,22.0235230613306,5.020475675370242,0.0605919478061925,5.677674818522479,2.359164382129019,26.707481,2.6707481,34673685045.2531,3467368504.52531,9138074882.075409,5466575183.888407,43811759927.32851,35857619095.07972,79.03729096025297,19.7169698549208,70.88307366069058,13.761846594887334,70.88307366069058,13.761846594887334
KMOS3D,COS4_19066,COS4_19066_YJ,0.92675,0.41241,23.3200432861149,4.716431027846063,0.048456483162802,4.666726108866042,1.9514886500019024,14.464424,1.4464424,20892961308.54041,2089296130.8540409,5505658795.708322,3212685294.1683936,26398620104.24873,21606205382.133324,304.5598802383998,34.05677357509148,304.5598802383998,34.05677357509148,304.5598802383998,34.05677357509148
KMOS3D,COS4_19648,COS4_19648_YJ,0.88931,0.7262,22.9020644736456,4.53490585118953,0.0239519675238883,4.429678516572352,1.8450645922892557,43.436573,4.3436573,42657951880.15934,4265795188.015934,11395725471.117666,6830320829.370925,54053677351.27701,44153860732.93104,292.5563317557061,47.46337845139261,297.2312227019749,27.837960734980904,297.2312227019749,27.837960734980904
KMOS3D,COS4_19667,COS4_19667_YJ,0.89123,0.39797,27.6707468741647,3.0118295731119384,0.02396681357914,3.412635086994411,1.426656381475206,16.484999,1.6484999,14454397707.45928,1445439770.745928,5323289826.746799,2224249375.097453,19777687534.20608,15403474532.22649,198.3549769839324,44.34639074695534,198.50842141459304,55.69756665854489,198.50842141459304,55.69756665854489
KMOS3D,COS4_19680,COS4_19680_K,2.16603,0.39956,35.6826742282672,2.4615748012935565,0.0424409448498889,3.7262208616272083,1.5460623654661134,128.86792,12.886792,70794578438.41373,7079457843.8413725,23575973263.41954,12004676562.74317,94370551701.83328,74617014491.26859,149.94148297023526,25.56331657126473,133.33333557227746,20.568124951386103,133.33333557227746,20.568124951386103
KMOS3D,COS4_20449,COS4_20449_H,1.65593,0.47305,37.27650634325876,3.466041950515844,0.0694945754489392,6.110705358652978,2.5498943632344604,13.182568,1.3182568,10964781961.43183,1096478196.143183,5207061382.224825,1688902841.772359,16171843343.656654,12138366105.040577,81.01463931737972,18.915660387015382,82.02594180898161,24.57055146226482,82.02594180898161,24.57055146226482
KMOS3D,COS4_20595,COS4_20595_H,1.65469,0.45843,24.3383018411956,2.54527603333417,0.034747795676917,3.0247423037332766,1.2586630049748697,17.782795,1.7782794999999998,12022644346.174131,1202264434.6174133,6173018793.253719,1869611522.9728768,18195663139.42785,13514811803.959995,193.89823555162653,26.64642022109552,175.32276327487295,39.63451268762289,175.32276327487295,39.63451268762289
KMOS3D,COS4_21570,COS4_21570_K,2.17125,0.41576,71.50747599297598,2.274001708757639,0.033940324011308,4.826612852376559,2.028964538995764,17.782795,1.7782794999999998,19952623149.688828,1995262314.9688828,6914191729.184848,3167298371.8289595,26866814878.87368,21116657354.35953,137.67116225032743,32.05002459473544,331.922046247168,36.63722462608792,331.922046247168,36.63722462608792
KMOS3D,COS4_23070,COS4_23070_YJ,0.83691,0.4619,49.89257614172891,2.0773095738278404,0.015677808104361,3.5975938561367085,1.4948784841051874,30.433987,3.0433987,2691534803.9269137,269153480.3926914,4675113842.239926,415019075.34771216,7366648646.16684,5394538816.122585,153.94509061096136,25.74804682372934,156.10542068401108,22.205950154177074,133.95737805611887,21.216448006154405
KMOS3D,COS4_23890,COS4_23890_YJ,0.8521,0.71767,24.922762262322,7.961836745546322,0.0472980400725524,6.057875486679643,2.529927920844578,25.21822,2.521822,67608297539.19819,6760829753.919819,9623794206.770073,10707665988.40356,77232091745.96826,68289818502.34348,366.3191175688007,62.88965369100088,366.3191175688007,62.88965369100088,366.3191175688007,62.88965369100088
KMOS3D,COS4_24738,COS4_24738_H,1.58875,0.45926,23.7598914842281,2.7113350641969225,0.1303526473171597,3.3779436382210437,1.4086451797129187,14.125375,1.4125375,10471285480.508986,1047128548.0508986,5304763776.11983,1612654714.5640738,15776049256.628817,11738327748.651058,205.90885602834632,41.48988522637722,197.30852760716505,34.633986190628114,197.30852760716505,34.633986190628114
KMOS3D,GS4_00984,GS4_00984_YJ,0.73229,0.43656,23.5857163781111,4.543161605485583,0.1422076944056442,3.738778952923146,1.559008075988055,2.9519167,0.29519167,3019951720.402019,301995172.0402019,1384355188.1687768,435179153.89270544,4404306908.570796,3322129991.5218434,167.460005521973,25.98934304191648,167.460005521973,25.98934304191648,167.460005521973,25.98934304191648
KMOS3D,GS4_01962,GS4_01962_H,1.34238,0.37088,48.20829865681522,1.5528136112709872,0.0517604537090329,3.352188856101636,1.396838362851382,4.168694,0.4168694,2884031503.126612,288403150.3126612,2091927585.1412084,421575014.3772731,4975959088.26782,3562835771.19427,139.00581095467297,22.363943594845207,137.20081448735505,16.940246489953314,117.16579070363235,14.930217865062495
KMOS3D,GS4_05881,GS4_05881_YJ,0.99027,0.48125,25.225834821766,6.824520221459772,0.1067614475077942,4.626237828600137,1.920903602391256,18.809767,1.8809767,6025595860.743568,602559586.0743568,4760942763.228967,922747928.0836856,10786538623.972534,7679477942.656798,359.4376608655399,49.829631035226136,384.53334773146753,43.976908632770346,384.53334773146753,43.976908632770346
KMOS3D,GS4_09989,GS4_09989_YJ,0.83193,0.55327,28.6818876375408,2.347220223536292,0.0234722022353629,2.5786277619589058,1.0714836572263318,12.604177,1.2604177,4466835921.509635,446683592.15096354,3382183191.498474,674280046.3922507,7849019113.008109,5602837342.859744,122.3216281103332,23.48544150644992,100.9122079259821,18.30637838778755,100.9122079259821,18.30637838778755
KMOS3D,GS4_10566,GS4_10566_YJ,0.99645,0.44123,51.462070441208205,1.620214670954282,0.0164488799081652,2.811475448985231,1.17256976537193,6.8495584,0.6849558400000001,7943282347.242822,794328234.7242823,3042909772.0041776,1183129907.4113607,10986192119.247,8506176246.033111,173.26285858832156,26.70466322981158,165.68411728981866,20.30566280835992,165.68411728981866,20.30566280835992
KMOS3D,GS4_10784,GS4_10784_H,1.38137,0.4513,21.6164486462279,2.8446015937563742,0.0605234381650292,3.313439924842736,1.386456237315985,18.338367,1.8338367,12022644346.174131,1202264434.6174133,6045330185.239098,1858733254.7334385,18067974531.41323,13456968236.685251,143.73165659534595,27.974429900559564,150.4170205841358,44.461449015105806,150.4170205841358,44.461449015105806
KMOS3D,GS4_15836,GS4_15836_H,1.57824,0.37894,26.5258038342536,3.119716718529021,0.034760074858262,2.5341322383612086,1.0551241313659965,58.839184,5.8839184,37153522909.71728,3715352290.971728,14048587551.59372,6022019557.59815,51202110461.311,39720864502.14397,462.77074351875336,107.17651505180042,437.48063221690944,69.82593120806526,437.48063221690944,69.82593120806526
KMOS3D,GS4_16776,GS4_16776_H,1.61291,0.38994,25.6442051202192,1.9725890611652672,0.0260694589581312,3.449876014718362,1.4310303174197956,44.666145,4.4666145,11748975549.395304,1174897554.9395304,9786139957.513617,1875719434.082931,21535115506.90892,15290747585.658892,182.50997692569945,49.67537941096116,191.0047752902977,32.91813205576869,215.12146292931425,49.936385287968655
KMOS3D,GS4_17069,GS4_17069_YJ,0.979,0.50922,45.78543254637474,1.965587826470044,0.0081899492769585,2.964466673786796,1.2312214406606126,42.06191,4.2061910000000005,15848931924.611109,1584893192.4611108,9000811827.83481,2508837939.5050545,24849743752.44592,18226443885.493637,130.84408569300078,24.02361828017275,127.90733312103846,16.859575702531597,127.90733312103846,16.859575702531597
KMOS3D,GS4_20651,GS4_20651_H,1.30673,0.37894,26.5258038342536,1.4973129248721262,0.0172104933893347,2.6284443512668485,1.0915985432678044,55.3473,5.53473,15488166189.124796,1548816618.9124796,11056725081.986456,2476687009.1307,26544891271.11125,19029830830.582203,238.5697602315644,32.697819582943225,248.94860334281373,27.262758683189684,219.9348659011281,42.2215131484523
KMOS3D,GS4_24110,GS4_24110_K,1.9972,0.4431,41.69395768664,4.907548516823255,0.0085796302741665,7.204088813678729,3.0395745890881303,328.78452,32.878452,77624711662.86928,7762471166.286927,38899869679.03744,13467416524.354736,116524581341.90672,86826238671.20865,178.9758989073188,21.57165006560514,204.08272383431424,52.83010636978662,204.08272383431424,52.83010636978662
KMOS3D,GS4_27230,GS4_27230_H,1.42316,0.4653,40.1317789146943,2.3129439097589315,0.0346508450900214,2.1569488052424246,0.8961968035860695,17.232275,1.7232275,10964781961.43183,1096478196.143183,5786449153.405277,1692345121.197805,16751231114.837109,12397961012.46836,134.63951882377086,21.419685712748503,99.98301960805334,10.894011859681603,99.98301960805334,10.894011859681603
KMOS3D,GS4_29868,GS4_29868_K,2.22394,0.32007,32.9685421988873,5.840959342988713,0.7184971695427507,3.899750457620424,1.6438643453969752,101.208466,10.1208466,19054607179.63244,1905460717.9632444,16642471411.724474,3192403274.760528,35697078591.35692,25299207684.43484,283.28559919365085,29.61155560906077,283.28559919365085,29.61155560906077,283.28559919365085,29.61155560906077
KMOS3D,GS4_30274,GS4_30274_K,2.22453,0.35627,26.2650983141823,3.6261395292643095,0.042262698476274,2.1585147865919856,0.8983990431494147,335.0584,33.50584,158489319246.11108,15848931924.611109,43846918418.90161,27832153469.5669,202336237665.0127,164442745567.96213,814.6246156995259,18.316915218051665,790.8943367943739,18.059326295384924,790.8943367943739,18.059326295384924
KMOS3D,GS4_33234,GS4_33234_YJ,1.03943,0.40174,61.3705150809571,2.399388838725021,0.0249071505750002,6.147711692260918,2.6293836968919404,23.951105,2.3951105,14125375446.227554,1412537544.6227555,6677987347.640575,2195978965.7234755,20803362793.86813,15624395876.70947,110.02276060530971,21.13026387239517,109.07895932023152,16.555759254140536,109.07895932023152,16.555759254140536
KMOS3D,GS4_41438,GS4_41438_K,2.01848,0.46161,49.223080510599154,2.742138208277776,0.0428459095043402,4.536480745716107,1.8886732711126042,146.8277,14.68277,66069344800.75964,6606934480.075964,25046526596.611664,11186293373.20302,91115871397.3713,70657531919.50905,141.050481159832,26.35459881621905,122.01220363451915,26.961682779709506,122.01220363451915,26.961682779709506
KMOS3D,GS4_42235,GS4_42235_K,2.43251,0.31124,25.0235090662798,3.1425729173368984,0.091450534631497,3.9927347884552797,1.6736097276574662,57.142735,5.714273500000001,13803842646.028866,1380384264.602887,11724848540.035828,2288778239.2269955,25528691186.064693,18111271216.6514,357.06803615173754,51.41035606565213,357.0567312757364,51.443405082028015,357.0567312757364,51.443405082028015
KMOS3D,GS4_43501,GS4_43501_H,1.61351,0.46222,64.42827868242983,5.083532014794383,0.052138789895327,5.851864893464672,2.4344653328477026,53.3479,5.334790000000001,39810717055.34969,3981071705.534969,13570850192.203796,6442167249.859182,53381567247.55349,42060208836.86086,356.65893038464054,40.28199617617498,383.1527546673221,76.4096815733439,383.1527546673221,76.4096815733439
KMOS3D,GS4_43891,GS4_43891_YJ,1.01817,0.31711,24.915458894382,6.529383668875305,0.0578552983318064,8.677882148135327,3.7534192693878534,34.1233,3.41233,20417379446.69532,2041737944.669532,8673303603.493792,3218821237.0171003,29090683050.18911,22183227422.28269,339.9805119020982,71.0917887083858,339.9805119020982,71.0917887083858,339.9805119020982,71.0917887083858
KMOS3D,U4_06203,U4_06203_YJ,0.80251,0.46086,37.990040687583694,4.7941382694023424,0.0541273675577683,7.8065881523127745,3.2522299906543806,11.738234,1.1738234,38904514499.42805,3890451449.942804,5608982766.588444,5995516361.728543,44513497266.016495,39306767052.40579,181.98590110055227,17.34058214487004,189.7236923682536,17.174255522778036,189.7236923682536,17.174255522778036
KMOS3D,U4_07799,U4_07799_YJ,0.80905,0.43543,27.6431955274704,5.435157077073637,0.0930412053136713,45.6163151640174,19.330357593230836,5.834111,0.5834111,15848931924.611109,1584893192.4611108,3124552812.509355,2369205305.1996617,18973484737.120464,16153992491.923391,207.55805033088964,33.90709552445997,207.55805033088964,33.90709552445997,207.55805033088964,33.90709552445997
KMOS3D,U4_10403,U4_10403_H,1.42696,0.4164,30.8262159711326,2.1140161359460845,0.0346560022286243,2.715708437252327,1.1255235051626165,41.256275,4.1256275,18197008586.099827,1819700858.6099825,10021589736.975082,2894042351.845347,28218598323.07491,20774103647.06105,128.33455070661643,24.6345801584826,142.22737127076886,22.253086654232774,158.59651288714932,21.508883980324725
KMOS3D,U4_12280,U4_12280_YJ,0.78672,0.49458,55.63524137683543,2.4347031626551257,0.0307218064688343,2.6589221248776775,1.1019634130677067,29.901707,2.9901707,58884365535.55884,5888436553.555883,10022563813.542522,9377557604.746372,68906929349.10136,59731233788.7126,514.5291440037217,88.58735711279888,506.3993793235253,99.12370712754868,506.3993793235253,99.12370712754868
KMOS3D,U4_16101,U4_16101_H,1.66495,0.38754,46.83386152863751,0.7035520761346655,0.0260574843012839,1.7780188809468536,0.7392262049557261,106.15994,10.615994,6918309709.189363,691830970.9189363,13830420525.840488,1131337842.5570855,20748730235.02985,15464266589.588192,1108.2602119834137,123.4848610633426,1058.2524304682383,81.90951407172,1006.4753524311066,53.02047761564179
KMOS3D,U4_18696,U4_18696_YJ,0.91193,0.46086,59.296324189106194,2.548909325077399,0.0482443405377425,3.2348585141241033,1.3423925834119261,25.919014,2.5919014,9120108393.559114,912010839.3559114,6027714649.92743,1415943188.416251,15147823043.486546,10932050174.199583,122.09724207930664,21.24899227369443,141.97969119285082,20.02881903231368,141.97969119285082,20.02881903231368
KMOS3D,U4_19575,U4_19575_YJ,0.89593,0.43905,52.03358372080682,3.3123918701810418,0.032003786185324,3.1401327344077945,1.3019518745348186,20.555786,2.0555786,18197008586.099827,1819700858.6099825,6314620279.445881,2824985757.861317,24511628865.545708,19261504374.170258,151.1505709772862,23.15972758039546,121.16182284448936,32.70555638446096,121.16182284448936,32.70555638446096
KMOS3D,U4_19708,U4_19708_H,1.66472,0.40033,22.0576226476609,6.853139566126949,0.1042302595608661,5.383104027129327,2.242491487426432,210.35791,21.035791,181970085860.99823,18197008586.099827,36610342167.977806,31029612685.719196,218580428028.97607,185616349769.93677,437.1081509494034,156.20014207605834,437.1081509494034,156.20014207605834,437.1081509494034,156.20014207605834
KMOS3D,U4_20987,U4_20987_YJ,0.9114,0.55829,68.27325060131268,2.7012494103176525,0.0482365966128152,5.532220867357179,2.319113186698887,22.01332,2.201332,5370317963.702533,537031796.3702533,4870215732.184785,825443015.5097625,10240533695.887318,7249780431.798352,95.98550494834446,24.50975494783757,105.4717133312948,20.98923257002308,105.4717133312948,20.98923257002308
KMOS3D,U4_21424,U4_21424_H,1.65632,0.39035,25.366690873921,6.245795903637657,0.1389885041143289,4.485181666489909,1.8860585748436298,8.912509,0.8912509,18197008586.099827,1819700858.6099825,4699329682.140881,2779407927.6748166,22896338268.240707,18794010241.13909,347.76446533602325,41.97088792795903,347.76446533602325,41.97088792795903,347.76446533602325,41.97088792795903
KMOS3D,U4_25158,U4_25158_H,1.65609,0.4024,22.9034194055532,2.675536055477279,0.0955548591241885,2.4871894084365405,1.0333487565196267,29.477654,2.9477654,7413102413.009162,741310241.3009162,7282630210.362945,1166746737.610729,14695732623.372108,10391861727.652716,193.42545117789348,49.367481971198046,219.33968677373323,23.675384920965783,219.33968677373323,23.675384920965783
KMOS3D,U4_26875,U4_26875_H,1.36434,0.45252,27.5219480900707,2.0904456658987787,0.0431910261549334,1.8016471889590462,0.7476525905673146,166.654,16.665399999999998,151356124843.62073,15135612484.362072,31459482168.27761,25474618544.47248,182815607011.89835,154590994388.3339,739.6746304034046,227.8380772684199,703.1342714963561,113.89456238241132,703.1342714963561,113.89456238241132
KMOS3D,U4_28358,U4_28358_H,1.41965,0.42109,22.6798610975364,3.8457014748662535,0.0779534082743159,2.5178298359890907,1.0478280420909876,88.403534,8.8403534,91201083935.59116,9120108393.559116,20533824532.1878,15014031520.05866,111734908467.77896,93484093090.458,391.3075768020034,63.251631098599184,399.5091362070049,63.22707536452972,399.5091362070049,63.22707536452972
KMOS3D,U4_28931,U4_28931_H,1.59989,0.38094,68.97415244192334,2.963335973116328,0.0695210785481836,5.554553448142875,2.3172021287725917,9.772372,0.9772372,8128305161.640995,812830516.1640995,4190669924.9132648,1236333594.4181948,12318975086.55426,9145001870.985712,128.34599747422584,17.159795051073544,119.63103327832174,22.297820268903592,119.63103327832174,22.297820268903592
KMOS3D,U4_30029,U4_30029_H,1.35689,0.38094,34.740454349392486,1.182921493599152,0.0259033903707843,2.0411844496208364,0.8477712202423624,6.918309,0.6918308999999999,5754399373.371567,575439937.3371567,3140383425.808072,858801724.0692533,8894782799.179638,6555541183.559838,138.4206114012602,25.07186067687533,139.87031169524056,20.618598074284403,121.1110802242334,18.76921152727905
KMOS3D,U4_31577,U4_31577_H,1.51753,0.49867,51.70742437811528,4.498911517648777,0.0607961015898483,3.730407188590207,1.5477252352585769,335.19727,33.519727,117489755493.95303,11748975549.395302,42724811170.84359,20198454587.84457,160214566664.79663,125017007385.44778,443.0905686925555,30.36476983057511,473.8477734917115,36.371726046650046,473.8477734917115,36.371726046650046
KMOS3D,U4_32491,U4_32491_YJ,0.80248,0.3968,28.9601328995843,6.162710182772435,0.1005209941982956,10.97308958380258,4.610834124958577,10.689595,1.0689595,4677351412.871982,467735141.2871982,3103190321.4937024,703128037.244519,7780541734.365684,5613145856.906599,154.358442666425,27.37158618660676,163.46234486063622,27.285030025982408,163.46234486063622,27.285030025982408
KMOS3D,U4_34173,U4_34173_YJ,0.89611,0.43905,37.888767749571045,3.8486750810048544,0.0480084209688755,5.713695462398283,2.3824177798829336,22.82331,2.282331,19054607179.63244,1905460717.9632444,6737171109.340776,2968756769.154135,25791778288.973217,20210579638.56149,143.61338173860034,18.50184260805228,163.00076483187073,37.84274524537963,163.00076483187073,37.84274524537963
KMOS3D,U4_34545,U4_34545_YJ,1.01004,0.4031,21.6077165133454,2.7637971570149915,0.0577509853704624,3.293632905136858,1.3671809460424744,9.963077,0.9963077,3388441561.3920207,338844156.13920206,3027566957.4437466,506453000.6689005,6416008518.835768,4543973800.18569,159.44051265803878,26.38380863843159,183.38072303305043,43.3512054259525,183.38072303305043,43.3512054259525
KMOS3D,U4_36227,U4_36227_YJ,0.78827,0.50797,24.2427000143752,3.1741736807513545,0.0307426022348799,3.0677668528177726,1.2746658446202703,25.604382,2.5604382,6025595860.743568,602559586.0743568,5137634017.303356,932499974.360302,11163229878.046925,7918528194.858098,87.9676476589277,20.33040682941287,73.42326979866286,16.093808911656726,73.42326979866286,16.093808911656726
KMOS3D,U4_39208,U4_39208_H,1.5268,0.4024,22.9034194055532,2.571160456418722,0.0868635289330649,2.334195504293455,0.9716017993331834,3.981072,0.3981072,5370317963.702533,537031796.3702533,2416205694.822864,791240162.1896988,7786523658.525396,5888833924.552513,94.13883665926268,20.703554627766287,71.88116004142178,16.997890881852072,71.88116004142178,16.997890881852072
